customer_id,customer_segment,region
CUST_00001,SMB,East
CUST_00002,Consumer,East
CUST_00003,Consumer,West
CUST_00004,Consumer,East
CUST_00005,Enterprise,Central
CUST_00006,Enterprise,East
CUST_00007,Enterprise,Central
CUST_00008,Consumer,East
CUST_00009,Consumer,Central
CUST_00010,Consumer,East
CUST_00011,Enterprise,East
CUST_00012,Consumer,South
CUST_00013,Consumer,Central
CUST_00014,SMB,Central
CUST_00015,Enterprise,Central
CUST_00016,Enterprise,North
CUST_00017,SMB,East
CUST_00018,SMB,Central
CUST_00019,SMB,North
CUST_00020,SMB,South
CUST_00021,Consumer,Central
CUST_00022,Enterprise,Central
CUST_00023,SMB,North
CUST_00024,SMB,East
CUST_00025,SMB,South
CUST_00026,Consumer,Central
CUST_00027,Enterprise,East
CUST_00028,SMB,South
CUST_00029,Consumer,West
CUST_00030,Enterprise,West
CUST_00031,Consumer,South
CUST_00032,Enterprise,North
CUST_00033,Enterprise,South
CUST_00034,Consumer,South
CUST_00035,Consumer,North
CUST_00036,Consumer,North
CUST_00037,SMB,East
CUST_00038,Enterprise,East
CUST_00039,Consumer,North
CUST_00040,SMB,West
CUST_00041,Enterprise,West
CUST_00042,SMB,South
CUST_00043,Enterprise,Central
CUST_00044,Consumer,South
CUST_00045,SMB,South
CUST_00046,Consumer,Central
CUST_00047,SMB,North
CUST_00048,SMB,West
CUST_00049,SMB,South
CUST_00050,Enterprise,Central
CUST_00051,Consumer,East
CUST_00052,Consumer,South
CUST_00053,Consumer,West
CUST_00054,Consumer,North
CUST_00055,Consumer,South
CUST_00056,Consumer,South
CUST_00057,Enterprise,Central
CUST_00058,Enterprise,East
CUST_00059,Enterprise,East
CUST_00060,SMB,North
CUST_00061,SMB,West
CUST_00062,SMB,North
CUST_00063,Consumer,South
CUST_00064,SMB,South
CUST_00065,SMB,East
CUST_00066,SMB,West
CUST_00067,Enterprise,Central
CUST_00068,Consumer,West
CUST_00069,Enterprise,South
CUST_00070,Consumer,Central
CUST_00071,Consumer,West
CUST_00072,Enterprise,West
CUST_00073,Enterprise,Central
CUST_00074,Consumer,South
CUST_00075,Consumer,West
CUST_00076,Consumer,Central
CUST_00077,Consumer,South
CUST_00078,Enterprise,Central
CUST_00079,SMB,Central
CUST_00080,Enterprise,West
CUST_00081,Consumer,South
CUST_00082,Consumer,West
CUST_00083,SMB,North
CUST_00084,Enterprise,North
CUST_00085,SMB,South
CUST_00086,SMB,Central
CUST_00087,Consumer,West
CUST_00088,Consumer,West
CUST_00089,Consumer,South
CUST_00090,SMB,South
CUST_00091,Enterprise,North
CUST_00092,Consumer,East
CUST_00093,Consumer,South
CUST_00094,Consumer,East
CUST_00095,Consumer,South
CUST_00096,SMB,Central
CUST_00097,SMB,Central
CUST_00098,SMB,North
CUST_00099,Enterprise,North
CUST_00100,Enterprise,East
CUST_00101,Enterprise,South
CUST_00102,Consumer,West
CUST_00103,SMB,North
CUST_00104,SMB,West
CUST_00105,Consumer,West
CUST_00106,SMB,South
CUST_00107,SMB,East
CUST_00108,Consumer,South
CUST_00109,SMB,North
CUST_00110,Enterprise,West
CUST_00111,SMB,South
CUST_00112,Enterprise,South
CUST_00113,Consumer,South
CUST_00114,Consumer,North
CUST_00115,Consumer,East
CUST_00116,Consumer,South
CUST_00117,Consumer,North
CUST_00118,Enterprise,West
CUST_00119,Consumer,Central
CUST_00120,SMB,North
CUST_00121,Consumer,Central
CUST_00122,Consumer,South
CUST_00123,SMB,South
CUST_00124,Enterprise,North
CUST_00125,SMB,Central
CUST_00126,SMB,South
CUST_00127,Consumer,West
CUST_00128,Consumer,East
CUST_00129,Enterprise,East
CUST_00130,SMB,South
CUST_00131,SMB,Central
CUST_00132,SMB,South
CUST_00133,Enterprise,Central
CUST_00134,SMB,West
CUST_00135,Consumer,Central
CUST_00136,SMB,South
CUST_00137,SMB,West
CUST_00138,Consumer,North
CUST_00139,SMB,East
CUST_00140,Consumer,South
CUST_00141,Consumer,South
CUST_00142,SMB,South
CUST_00143,SMB,West
CUST_00144,SMB,North
CUST_00145,SMB,Central
CUST_00146,Enterprise,North
CUST_00147,Consumer,West
CUST_00148,SMB,South
CUST_00149,Enterprise,East
CUST_00150,SMB,South
CUST_00151,Consumer,Central
CUST_00152,SMB,East
CUST_00153,Enterprise,South
CUST_00154,SMB,East
CUST_00155,Consumer,North
CUST_00156,SMB,West
CUST_00157,Consumer,South
CUST_00158,Consumer,Central
CUST_00159,SMB,North
CUST_00160,Consumer,South
CUST_00161,SMB,North
CUST_00162,Consumer,Central
CUST_00163,Consumer,South
CUST_00164,SMB,Central
CUST_00165,Enterprise,East
CUST_00166,Consumer,Central
CUST_00167,SMB,East
CUST_00168,Enterprise,South
CUST_00169,Enterprise,East
CUST_00170,Consumer,South
CUST_00171,Consumer,South
CUST_00172,Enterprise,West
CUST_00173,SMB,South
CUST_00174,SMB,East
CUST_00175,Consumer,West
CUST_00176,Enterprise,West
CUST_00177,Consumer,South
CUST_00178,SMB,Central
CUST_00179,Consumer,Central
CUST_00180,Enterprise,West
CUST_00181,SMB,South
CUST_00182,Enterprise,Central
CUST_00183,Consumer,South
CUST_00184,Consumer,South
CUST_00185,SMB,West
CUST_00186,Consumer,West
CUST_00187,Consumer,North
CUST_00188,Consumer,Central
CUST_00189,SMB,Central
CUST_00190,SMB,Central
CUST_00191,Enterprise,East
CUST_00192,Consumer,South
CUST_00193,Consumer,West
CUST_00194,Consumer,Central
CUST_00195,SMB,North
CUST_00196,SMB,Central
CUST_00197,Consumer,South
CUST_00198,Consumer,South
CUST_00199,Consumer,West
CUST_00200,Consumer,East
CUST_00201,Consumer,West
CUST_00202,Enterprise,Central
CUST_00203,Enterprise,North
CUST_00204,Consumer,West
CUST_00205,Consumer,East
CUST_00206,Enterprise,West
CUST_00207,Enterprise,South
CUST_00208,Consumer,Central
CUST_00209,Enterprise,Central
CUST_00210,Enterprise,Central
CUST_00211,SMB,Central
CUST_00212,Consumer,Central
CUST_00213,Consumer,Central
CUST_00214,SMB,North
CUST_00215,Consumer,East
CUST_00216,SMB,Central
CUST_00217,SMB,East
CUST_00218,Consumer,Central
CUST_00219,Consumer,West
CUST_00220,Consumer,Central
CUST_00221,Consumer,South
CUST_00222,Consumer,North
CUST_00223,Enterprise,West
CUST_00224,SMB,West
CUST_00225,SMB,South
CUST_00226,SMB,Central
CUST_00227,Consumer,North
CUST_00228,SMB,West
CUST_00229,Consumer,North
CUST_00230,Consumer,West
CUST_00231,Consumer,Central
CUST_00232,SMB,West
CUST_00233,Consumer,West
CUST_00234,SMB,East
CUST_00235,Enterprise,Central
CUST_00236,Consumer,South
CUST_00237,SMB,South
CUST_00238,Enterprise,Central
CUST_00239,Consumer,South
CUST_00240,Enterprise,Central
CUST_00241,Consumer,South
CUST_00242,Consumer,East
CUST_00243,Consumer,South
CUST_00244,SMB,West
CUST_00245,Enterprise,Central
CUST_00246,Consumer,North
CUST_00247,SMB,North
CUST_00248,Consumer,Central
CUST_00249,Consumer,East
CUST_00250,Consumer,South
CUST_00251,SMB,East
CUST_00252,SMB,North
CUST_00253,Consumer,Central
CUST_00254,SMB,Central
CUST_00255,Enterprise,East
CUST_00256,Consumer,East
CUST_00257,Consumer,South
CUST_00258,Consumer,West
CUST_00259,Consumer,West
CUST_00260,Enterprise,South
CUST_00261,Consumer,West
CUST_00262,Consumer,North
CUST_00263,Enterprise,West
CUST_00264,SMB,South
CUST_00265,Consumer,West
CUST_00266,Consumer,Central
CUST_00267,Consumer,East
CUST_00268,Consumer,North
CUST_00269,SMB,Central
CUST_00270,SMB,Central
CUST_00271,Consumer,South
CUST_00272,Consumer,East
CUST_00273,Consumer,East
CUST_00274,Consumer,North
CUST_00275,SMB,South
CUST_00276,SMB,North
CUST_00277,Consumer,West
CUST_00278,Consumer,Central
CUST_00279,Consumer,North
CUST_00280,Consumer,Central
CUST_00281,Consumer,South
CUST_00282,SMB,West
CUST_00283,SMB,South
CUST_00284,Enterprise,West
CUST_00285,Consumer,West
CUST_00286,Enterprise,Central
CUST_00287,SMB,South
CUST_00288,SMB,South
CUST_00289,SMB,North
CUST_00290,Consumer,South
CUST_00291,Enterprise,North
CUST_00292,Enterprise,East
CUST_00293,Consumer,East
CUST_00294,SMB,East
CUST_00295,Enterprise,South
CUST_00296,SMB,South
CUST_00297,Consumer,North
CUST_00298,SMB,West
CUST_00299,Consumer,North
CUST_00300,Enterprise,East
CUST_00301,Enterprise,North
CUST_00302,SMB,West
CUST_00303,SMB,South
CUST_00304,Consumer,North
CUST_00305,Consumer,East
CUST_00306,Consumer,East
CUST_00307,SMB,South
CUST_00308,SMB,North
CUST_00309,Consumer,West
CUST_00310,SMB,South
CUST_00311,SMB,North
CUST_00312,Enterprise,Central
CUST_00313,Enterprise,East
CUST_00314,Consumer,West
CUST_00315,Consumer,West
CUST_00316,Consumer,West
CUST_00317,SMB,East
CUST_00318,Enterprise,North
CUST_00319,Enterprise,South
CUST_00320,SMB,North
CUST_00321,SMB,South
CUST_00322,Consumer,West
CUST_00323,Consumer,North
CUST_00324,SMB,West
CUST_00325,Consumer,Central
CUST_00326,Consumer,West
CUST_00327,Consumer,West
CUST_00328,Consumer,South
CUST_00329,SMB,Central
CUST_00330,SMB,West
CUST_00331,SMB,West
CUST_00332,Consumer,Central
CUST_00333,Enterprise,Central
CUST_00334,Enterprise,North
CUST_00335,Enterprise,South
CUST_00336,Enterprise,Central
CUST_00337,Consumer,Central
CUST_00338,Consumer,East
CUST_00339,SMB,Central
CUST_00340,Enterprise,South
CUST_00341,SMB,West
CUST_00342,SMB,West
CUST_00343,Enterprise,West
CUST_00344,SMB,West
CUST_00345,SMB,East
CUST_00346,Consumer,Central
CUST_00347,Consumer,West
CUST_00348,Enterprise,North
CUST_00349,SMB,West
CUST_00350,Consumer,Central
CUST_00351,SMB,West
CUST_00352,Consumer,East
CUST_00353,Consumer,South
CUST_00354,Enterprise,South
CUST_00355,Enterprise,Central
CUST_00356,Consumer,South
CUST_00357,Enterprise,South
CUST_00358,Consumer,North
CUST_00359,Consumer,Central
CUST_00360,Consumer,Central
CUST_00361,SMB,South
CUST_00362,Consumer,South
CUST_00363,SMB,South
CUST_00364,SMB,East
CUST_00365,Consumer,West
CUST_00366,SMB,East
CUST_00367,Consumer,Central
CUST_00368,Consumer,North
CUST_00369,Enterprise,West
CUST_00370,Enterprise,North
CUST_00371,Enterprise,Central
CUST_00372,Enterprise,Central
CUST_00373,Enterprise,North
CUST_00374,Consumer,North
CUST_00375,Enterprise,North
CUST_00376,SMB,Central
CUST_00377,Consumer,South
CUST_00378,Enterprise,North
CUST_00379,Consumer,West
CUST_00380,SMB,Central
CUST_00381,Enterprise,East
CUST_00382,Consumer,East
CUST_00383,Consumer,West
CUST_00384,Consumer,South
CUST_00385,Consumer,North
CUST_00386,Consumer,Central
CUST_00387,SMB,North
CUST_00388,Enterprise,Central
CUST_00389,Consumer,East
CUST_00390,Consumer,North
CUST_00391,Consumer,West
CUST_00392,SMB,South
CUST_00393,SMB,West
CUST_00394,Consumer,South
CUST_00395,SMB,North
CUST_00396,Consumer,North
CUST_00397,Consumer,South
CUST_00398,SMB,East
CUST_00399,Consumer,Central
CUST_00400,Consumer,West
CUST_00401,Enterprise,West
CUST_00402,Consumer,West
CUST_00403,SMB,North
CUST_00404,Consumer,West
CUST_00405,SMB,Central
CUST_00406,Consumer,Central
CUST_00407,SMB,South
CUST_00408,Enterprise,North
CUST_00409,Consumer,Central
CUST_00410,Enterprise,East
CUST_00411,SMB,North
CUST_00412,Consumer,North
CUST_00413,Consumer,Central
CUST_00414,Consumer,East
CUST_00415,Consumer,South
CUST_00416,SMB,Central
CUST_00417,SMB,East
CUST_00418,SMB,North
CUST_00419,Consumer,East
CUST_00420,Consumer,North
CUST_00421,Consumer,Central
CUST_00422,Consumer,Central
CUST_00423,Enterprise,West
CUST_00424,SMB,West
CUST_00425,Enterprise,West
CUST_00426,SMB,Central
CUST_00427,SMB,South
CUST_00428,Consumer,Central
CUST_00429,SMB,East
CUST_00430,Enterprise,Central
CUST_00431,Enterprise,Central
CUST_00432,Consumer,North
CUST_00433,Consumer,North
CUST_00434,Enterprise,North
CUST_00435,Enterprise,Central
CUST_00436,Consumer,South
CUST_00437,Enterprise,East
CUST_00438,Consumer,East
CUST_00439,Consumer,South
CUST_00440,Enterprise,South
CUST_00441,Enterprise,East
CUST_00442,Consumer,West
CUST_00443,SMB,North
CUST_00444,SMB,North
CUST_00445,Consumer,East
CUST_00446,Consumer,South
CUST_00447,Consumer,West
CUST_00448,Consumer,East
CUST_00449,SMB,North
CUST_00450,Enterprise,Central
CUST_00451,Consumer,South
CUST_00452,Consumer,Central
CUST_00453,SMB,East
CUST_00454,Consumer,North
CUST_00455,Enterprise,West
CUST_00456,SMB,Central
CUST_00457,Enterprise,West
CUST_00458,SMB,North
CUST_00459,Enterprise,Central
CUST_00460,Enterprise,West
CUST_00461,Enterprise,West
CUST_00462,Consumer,Central
CUST_00463,Consumer,North
CUST_00464,Consumer,West
CUST_00465,Consumer,East
CUST_00466,SMB,Central
CUST_00467,SMB,South
CUST_00468,Consumer,South
CUST_00469,SMB,North
CUST_00470,Consumer,East
CUST_00471,Enterprise,West
CUST_00472,Consumer,South
CUST_00473,Enterprise,North
CUST_00474,Consumer,East
CUST_00475,SMB,East
CUST_00476,Consumer,North
CUST_00477,Enterprise,North
CUST_00478,Consumer,West
CUST_00479,Consumer,North
CUST_00480,SMB,West
CUST_00481,Consumer,West
CUST_00482,Consumer,Central
CUST_00483,SMB,East
CUST_00484,Consumer,East
CUST_00485,Consumer,East
CUST_00486,Consumer,Central
CUST_00487,Enterprise,West
CUST_00488,SMB,West
CUST_00489,Consumer,North
CUST_00490,Consumer,Central
CUST_00491,SMB,North
CUST_00492,Consumer,Central
CUST_00493,SMB,North
CUST_00494,Enterprise,South
CUST_00495,SMB,East
CUST_00496,SMB,East
CUST_00497,Consumer,West
CUST_00498,Enterprise,South
CUST_00499,Consumer,East
CUST_00500,Consumer,West
CUST_00501,Consumer,South
CUST_00502,SMB,East
CUST_00503,SMB,North
CUST_00504,Consumer,Central
CUST_00505,Consumer,South
CUST_00506,Enterprise,West
CUST_00507,Consumer,South
CUST_00508,Consumer,West
CUST_00509,Consumer,South
CUST_00510,Consumer,West
CUST_00511,Consumer,East
CUST_00512,SMB,North
CUST_00513,Consumer,East
CUST_00514,Consumer,North
CUST_00515,Enterprise,East
CUST_00516,Enterprise,East
CUST_00517,SMB,South
CUST_00518,Consumer,Central
CUST_00519,Consumer,West
CUST_00520,Enterprise,West
CUST_00521,Consumer,West
CUST_00522,SMB,North
CUST_00523,Consumer,West
CUST_00524,Consumer,West
CUST_00525,Consumer,South
CUST_00526,SMB,East
CUST_00527,SMB,West
CUST_00528,SMB,Central
CUST_00529,Enterprise,West
CUST_00530,Consumer,North
CUST_00531,Consumer,North
CUST_00532,Consumer,North
CUST_00533,Consumer,West
CUST_00534,Consumer,South
CUST_00535,Consumer,Central
CUST_00536,Consumer,West
CUST_00537,Consumer,South
CUST_00538,SMB,South
CUST_00539,SMB,West
CUST_00540,Enterprise,West
CUST_00541,Consumer,South
CUST_00542,Consumer,South
CUST_00543,SMB,South
CUST_00544,Consumer,West
CUST_00545,Consumer,South
CUST_00546,SMB,North
CUST_00547,Enterprise,West
CUST_00548,Consumer,North
CUST_00549,SMB,East
CUST_00550,Consumer,West
CUST_00551,SMB,East
CUST_00552,Consumer,South
CUST_00553,Consumer,South
CUST_00554,Consumer,Central
CUST_00555,Consumer,South
CUST_00556,SMB,East
CUST_00557,Enterprise,South
CUST_00558,Enterprise,West
CUST_00559,Consumer,South
CUST_00560,Consumer,Central
CUST_00561,Consumer,South
CUST_00562,SMB,East
CUST_00563,Enterprise,East
CUST_00564,Enterprise,South
CUST_00565,SMB,East
CUST_00566,Consumer,East
CUST_00567,SMB,Central
CUST_00568,SMB,West
CUST_00569,Consumer,Central
CUST_00570,SMB,North
CUST_00571,SMB,Central
CUST_00572,Consumer,South
CUST_00573,SMB,West
CUST_00574,Consumer,South
CUST_00575,Consumer,North
CUST_00576,Consumer,West
CUST_00577,Enterprise,East
CUST_00578,Consumer,Central
CUST_00579,SMB,South
CUST_00580,SMB,North
CUST_00581,SMB,East
CUST_00582,Consumer,Central
CUST_00583,SMB,East
CUST_00584,SMB,Central
CUST_00585,Consumer,West
CUST_00586,SMB,East
CUST_00587,Enterprise,East
CUST_00588,Enterprise,East
CUST_00589,Enterprise,West
CUST_00590,Enterprise,North
CUST_00591,Enterprise,Central
CUST_00592,Consumer,East
CUST_00593,Enterprise,West
CUST_00594,SMB,North
CUST_00595,Consumer,Central
CUST_00596,SMB,West
CUST_00597,Consumer,Central
CUST_00598,Enterprise,East
CUST_00599,Enterprise,North
CUST_00600,Enterprise,West
CUST_00601,Enterprise,North
CUST_00602,SMB,East
CUST_00603,Enterprise,North
CUST_00604,Enterprise,North
CUST_00605,Enterprise,South
CUST_00606,SMB,North
CUST_00607,SMB,Central
CUST_00608,SMB,West
CUST_00609,SMB,South
CUST_00610,Consumer,West
CUST_00611,Enterprise,West
CUST_00612,Consumer,East
CUST_00613,Consumer,East
CUST_00614,Enterprise,South
CUST_00615,Consumer,East
CUST_00616,Consumer,East
CUST_00617,Enterprise,East
CUST_00618,SMB,West
CUST_00619,Consumer,South
CUST_00620,Consumer,West
CUST_00621,Enterprise,Central
CUST_00622,SMB,West
CUST_00623,SMB,Central
CUST_00624,SMB,North
CUST_00625,Consumer,North
CUST_00626,SMB,Central
CUST_00627,SMB,Central
CUST_00628,Consumer,West
CUST_00629,Enterprise,Central
CUST_00630,SMB,South
CUST_00631,Consumer,North
CUST_00632,Consumer,North
CUST_00633,SMB,Central
CUST_00634,SMB,East
CUST_00635,Enterprise,East
CUST_00636,SMB,Central
CUST_00637,SMB,South
CUST_00638,SMB,East
CUST_00639,SMB,Central
CUST_00640,SMB,South
CUST_00641,Enterprise,South
CUST_00642,SMB,West
CUST_00643,SMB,South
CUST_00644,SMB,East
CUST_00645,Enterprise,East
CUST_00646,Consumer,Central
CUST_00647,Consumer,Central
CUST_00648,Consumer,South
CUST_00649,Consumer,North
CUST_00650,SMB,West
CUST_00651,Enterprise,North
CUST_00652,SMB,South
CUST_00653,Consumer,South
CUST_00654,Consumer,North
CUST_00655,SMB,West
CUST_00656,Enterprise,North
CUST_00657,SMB,Central
CUST_00658,SMB,East
CUST_00659,Consumer,Central
CUST_00660,Consumer,East
CUST_00661,SMB,South
CUST_00662,Consumer,West
CUST_00663,Consumer,North
CUST_00664,SMB,West
CUST_00665,Enterprise,North
CUST_00666,Enterprise,Central
CUST_00667,SMB,Central
CUST_00668,Enterprise,North
CUST_00669,Enterprise,West
CUST_00670,SMB,North
CUST_00671,Enterprise,South
CUST_00672,Consumer,Central
CUST_00673,Enterprise,South
CUST_00674,SMB,Central
CUST_00675,SMB,Central
CUST_00676,Consumer,East
CUST_00677,Enterprise,South
CUST_00678,SMB,South
CUST_00679,Consumer,East
CUST_00680,Consumer,West
CUST_00681,Consumer,South
CUST_00682,SMB,North
CUST_00683,Enterprise,East
CUST_00684,Consumer,South
CUST_00685,Consumer,West
CUST_00686,Consumer,South
CUST_00687,Consumer,Central
CUST_00688,SMB,North
CUST_00689,Consumer,East
CUST_00690,Enterprise,Central
CUST_00691,SMB,West
CUST_00692,SMB,Central
CUST_00693,SMB,Central
CUST_00694,SMB,West
CUST_00695,Enterprise,Central
CUST_00696,Consumer,East
CUST_00697,SMB,South
CUST_00698,Consumer,Central
CUST_00699,Enterprise,East
CUST_00700,SMB,South
CUST_00701,SMB,South
CUST_00702,Enterprise,Central
CUST_00703,SMB,East
CUST_00704,Enterprise,Central
CUST_00705,Enterprise,West
CUST_00706,Consumer,South
CUST_00707,SMB,Central
CUST_00708,Consumer,South
CUST_00709,SMB,East
CUST_00710,Consumer,North
CUST_00711,Consumer,Central
CUST_00712,Consumer,Central
CUST_00713,SMB,South
CUST_00714,SMB,East
CUST_00715,SMB,West
CUST_00716,Consumer,East
CUST_00717,Consumer,Central
CUST_00718,Consumer,West
CUST_00719,Enterprise,East
CUST_00720,Consumer,North
CUST_00721,Consumer,South
CUST_00722,Enterprise,East
CUST_00723,Enterprise,East
CUST_00724,Consumer,North
CUST_00725,Consumer,Central
CUST_00726,Consumer,South
CUST_00727,Enterprise,East
CUST_00728,Consumer,West
CUST_00729,SMB,East
CUST_00730,Enterprise,South
CUST_00731,Enterprise,East
CUST_00732,Consumer,North
CUST_00733,Consumer,East
CUST_00734,SMB,East
CUST_00735,SMB,West
CUST_00736,Consumer,North
CUST_00737,SMB,North
CUST_00738,Consumer,East
CUST_00739,SMB,West
CUST_00740,SMB,East
CUST_00741,SMB,East
CUST_00742,SMB,South
CUST_00743,Consumer,South
CUST_00744,SMB,West
CUST_00745,SMB,Central
CUST_00746,Consumer,South
CUST_00747,SMB,Central
CUST_00748,SMB,North
CUST_00749,Consumer,South
CUST_00750,Consumer,South
CUST_00751,Enterprise,West
CUST_00752,Consumer,Central
CUST_00753,Consumer,South
CUST_00754,SMB,South
CUST_00755,Enterprise,West
CUST_00756,Consumer,West
CUST_00757,Consumer,Central
CUST_00758,SMB,North
CUST_00759,Consumer,North
CUST_00760,Consumer,East
CUST_00761,Enterprise,South
CUST_00762,SMB,Central
CUST_00763,SMB,South
CUST_00764,Consumer,Central
CUST_00765,Enterprise,Central
CUST_00766,Consumer,Central
CUST_00767,Consumer,South
CUST_00768,Consumer,West
CUST_00769,SMB,South
CUST_00770,Consumer,Central
CUST_00771,Enterprise,East
CUST_00772,Consumer,North
CUST_00773,Enterprise,Central
CUST_00774,SMB,East
CUST_00775,Consumer,West
CUST_00776,Enterprise,Central
CUST_00777,SMB,East
CUST_00778,Consumer,Central
CUST_00779,Consumer,South
CUST_00780,Consumer,East
CUST_00781,Consumer,South
CUST_00782,SMB,South
CUST_00783,SMB,East
CUST_00784,SMB,North
CUST_00785,Enterprise,East
CUST_00786,Consumer,North
CUST_00787,Consumer,Central
CUST_00788,SMB,Central
CUST_00789,SMB,East
CUST_00790,Consumer,Central
CUST_00791,Enterprise,West
CUST_00792,Consumer,South
CUST_00793,SMB,South
CUST_00794,Consumer,North
CUST_00795,Enterprise,Central
CUST_00796,Consumer,North
CUST_00797,Consumer,South
CUST_00798,Consumer,South
CUST_00799,Consumer,Central
CUST_00800,Consumer,West
CUST_00801,Consumer,West
CUST_00802,Enterprise,Central
CUST_00803,Consumer,Central
CUST_00804,Consumer,North
CUST_00805,SMB,Central
CUST_00806,Consumer,West
CUST_00807,Consumer,Central
CUST_00808,Consumer,North
CUST_00809,SMB,North
CUST_00810,Enterprise,North
CUST_00811,Consumer,North
CUST_00812,Consumer,East
CUST_00813,Enterprise,Central
CUST_00814,Consumer,South
CUST_00815,Consumer,Central
CUST_00816,SMB,East
CUST_00817,Consumer,North
CUST_00818,SMB,East
CUST_00819,Enterprise,West
CUST_00820,SMB,West
CUST_00821,Consumer,Central
CUST_00822,Enterprise,Central
CUST_00823,SMB,South
CUST_00824,SMB,South
CUST_00825,SMB,West
CUST_00826,Consumer,North
CUST_00827,SMB,East
CUST_00828,SMB,South
CUST_00829,Consumer,South
CUST_00830,SMB,North
CUST_00831,SMB,North
CUST_00832,SMB,Central
CUST_00833,Enterprise,East
CUST_00834,Enterprise,North
CUST_00835,SMB,South
CUST_00836,SMB,South
CUST_00837,Consumer,West
CUST_00838,SMB,North
CUST_00839,Consumer,Central
CUST_00840,Consumer,East
CUST_00841,Enterprise,Central
CUST_00842,Consumer,South
CUST_00843,Enterprise,Central
CUST_00844,Consumer,South
CUST_00845,Enterprise,South
CUST_00846,SMB,South
CUST_00847,Enterprise,South
CUST_00848,Consumer,South
CUST_00849,SMB,West
CUST_00850,Consumer,Central
CUST_00851,Enterprise,West
CUST_00852,Consumer,West
CUST_00853,SMB,North
CUST_00854,Consumer,North
CUST_00855,SMB,North
CUST_00856,Enterprise,East
CUST_00857,Enterprise,North
CUST_00858,SMB,Central
CUST_00859,Consumer,West
CUST_00860,Enterprise,Central
CUST_00861,Consumer,North
CUST_00862,SMB,East
CUST_00863,SMB,East
CUST_00864,SMB,West
CUST_00865,SMB,Central
CUST_00866,Consumer,South
CUST_00867,Enterprise,Central
CUST_00868,Enterprise,North
CUST_00869,Consumer,South
CUST_00870,Consumer,East
CUST_00871,SMB,West
CUST_00872,SMB,West
CUST_00873,Consumer,East
CUST_00874,SMB,North
CUST_00875,Enterprise,East
CUST_00876,Enterprise,North
CUST_00877,Consumer,South
CUST_00878,Consumer,East
CUST_00879,Enterprise,North
CUST_00880,SMB,South
CUST_00881,SMB,East
CUST_00882,Consumer,West
CUST_00883,Enterprise,East
CUST_00884,Enterprise,Central
CUST_00885,Consumer,East
CUST_00886,Enterprise,Central
CUST_00887,Consumer,South
CUST_00888,SMB,East
CUST_00889,Enterprise,South
CUST_00890,SMB,South
CUST_00891,Consumer,North
CUST_00892,Consumer,South
CUST_00893,Consumer,South
CUST_00894,SMB,East
CUST_00895,Consumer,East
CUST_00896,SMB,West
CUST_00897,SMB,North
CUST_00898,Consumer,South
CUST_00899,Enterprise,North
CUST_00900,Enterprise,Central
CUST_00901,SMB,South
CUST_00902,Enterprise,North
CUST_00903,Enterprise,West
CUST_00904,Consumer,West
CUST_00905,SMB,South
CUST_00906,Consumer,Central
CUST_00907,Consumer,West
CUST_00908,SMB,West
CUST_00909,SMB,Central
CUST_00910,SMB,North
CUST_00911,Consumer,West
CUST_00912,SMB,East
CUST_00913,Consumer,West
CUST_00914,SMB,North
CUST_00915,Consumer,North
CUST_00916,SMB,South
CUST_00917,SMB,East
CUST_00918,Consumer,North
CUST_00919,Consumer,Central
CUST_00920,Enterprise,East
CUST_00921,Consumer,East
CUST_00922,SMB,Central
CUST_00923,Consumer,West
CUST_00924,Consumer,Central
CUST_00925,SMB,Central
CUST_00926,Enterprise,West
CUST_00927,SMB,West
CUST_00928,SMB,West
CUST_00929,Consumer,West
CUST_00930,SMB,West
CUST_00931,Enterprise,Central
CUST_00932,Consumer,South
CUST_00933,Consumer,South
CUST_00934,SMB,North
CUST_00935,Enterprise,South
CUST_00936,SMB,South
CUST_00937,Enterprise,Central
CUST_00938,Consumer,West
CUST_00939,Enterprise,West
CUST_00940,Consumer,Central
CUST_00941,SMB,South
CUST_00942,Consumer,Central
CUST_00943,Consumer,North
CUST_00944,Consumer,West
CUST_00945,SMB,East
CUST_00946,Enterprise,North
CUST_00947,Enterprise,North
CUST_00948,Consumer,Central
CUST_00949,Consumer,South
CUST_00950,Consumer,West
CUST_00951,Consumer,East
CUST_00952,Consumer,North
CUST_00953,Enterprise,East
CUST_00954,Consumer,South
CUST_00955,SMB,South
CUST_00956,SMB,East
CUST_00957,SMB,West
CUST_00958,Enterprise,South
CUST_00959,Enterprise,East
CUST_00960,Consumer,North
CUST_00961,Enterprise,East
CUST_00962,Consumer,East
CUST_00963,SMB,Central
CUST_00964,SMB,South
CUST_00965,SMB,West
CUST_00966,SMB,West
CUST_00967,Consumer,Central
CUST_00968,SMB,West
CUST_00969,Consumer,East
CUST_00970,SMB,Central
CUST_00971,Consumer,North
CUST_00972,Consumer,South
CUST_00973,Consumer,South
CUST_00974,SMB,South
CUST_00975,Enterprise,East
CUST_00976,SMB,North
CUST_00977,Consumer,Central
CUST_00978,Enterprise,Central
CUST_00979,SMB,South
CUST_00980,Consumer,North
CUST_00981,SMB,North
CUST_00982,Consumer,North
CUST_00983,Enterprise,West
CUST_00984,Enterprise,West
CUST_00985,Consumer,South
CUST_00986,SMB,North
CUST_00987,Consumer,North
CUST_00988,SMB,Central
CUST_00989,SMB,Central
CUST_00990,Consumer,South
CUST_00991,Consumer,North
CUST_00992,Consumer,South
CUST_00993,SMB,Central
CUST_00994,Consumer,Central
CUST_00995,SMB,West
CUST_00996,Enterprise,South
CUST_00997,Consumer,South
CUST_00998,Enterprise,North
CUST_00999,Consumer,North
CUST_01000,SMB,West
CUST_01001,Enterprise,East
CUST_01002,SMB,East
CUST_01003,Consumer,East
CUST_01004,Consumer,South
CUST_01005,Consumer,South
CUST_01006,Consumer,Central
CUST_01007,Consumer,South
CUST_01008,Consumer,South
CUST_01009,SMB,South
CUST_01010,SMB,West
CUST_01011,SMB,South
CUST_01012,Consumer,North
CUST_01013,Consumer,North
CUST_01014,Enterprise,Central
CUST_01015,Consumer,West
CUST_01016,Consumer,North
CUST_01017,Enterprise,West
CUST_01018,Consumer,West
CUST_01019,Consumer,Central
CUST_01020,Enterprise,West
CUST_01021,Consumer,South
CUST_01022,SMB,West
CUST_01023,Consumer,Central
CUST_01024,Consumer,Central
CUST_01025,Consumer,Central
CUST_01026,SMB,North
CUST_01027,Consumer,South
CUST_01028,Consumer,North
CUST_01029,SMB,East
CUST_01030,Consumer,South
CUST_01031,Enterprise,West
CUST_01032,Consumer,Central
CUST_01033,SMB,East
CUST_01034,Enterprise,South
CUST_01035,Enterprise,North
CUST_01036,Consumer,Central
CUST_01037,SMB,North
CUST_01038,Consumer,South
CUST_01039,Enterprise,South
CUST_01040,SMB,East
CUST_01041,SMB,West
CUST_01042,Consumer,North
CUST_01043,SMB,East
CUST_01044,Consumer,Central
CUST_01045,Consumer,West
CUST_01046,Consumer,East
CUST_01047,SMB,North
CUST_01048,Enterprise,South
CUST_01049,Consumer,Central
CUST_01050,Enterprise,North
CUST_01051,Consumer,West
CUST_01052,SMB,West
CUST_01053,Consumer,South
CUST_01054,Consumer,South
CUST_01055,Consumer,Central
CUST_01056,SMB,Central
CUST_01057,Consumer,South
CUST_01058,SMB,South
CUST_01059,SMB,West
CUST_01060,Consumer,South
CUST_01061,Consumer,East
CUST_01062,Consumer,North
CUST_01063,Consumer,South
CUST_01064,SMB,Central
CUST_01065,SMB,East
CUST_01066,Consumer,Central
CUST_01067,SMB,East
CUST_01068,Enterprise,South
CUST_01069,SMB,North
CUST_01070,SMB,Central
CUST_01071,SMB,East
CUST_01072,SMB,West
CUST_01073,Enterprise,South
CUST_01074,Enterprise,North
CUST_01075,Consumer,South
CUST_01076,SMB,West
CUST_01077,SMB,North
CUST_01078,Consumer,West
CUST_01079,SMB,South
CUST_01080,Consumer,East
CUST_01081,Consumer,South
CUST_01082,Enterprise,South
CUST_01083,SMB,South
CUST_01084,Consumer,Central
CUST_01085,Consumer,West
CUST_01086,SMB,West
CUST_01087,Consumer,West
CUST_01088,Enterprise,Central
CUST_01089,Consumer,East
CUST_01090,SMB,South
CUST_01091,Consumer,East
CUST_01092,Consumer,Central
CUST_01093,Consumer,West
CUST_01094,SMB,South
CUST_01095,SMB,North
CUST_01096,Enterprise,North
CUST_01097,SMB,East
CUST_01098,Enterprise,West
CUST_01099,Consumer,North
CUST_01100,SMB,East
CUST_01101,Enterprise,Central
CUST_01102,Consumer,East
CUST_01103,Consumer,East
CUST_01104,Consumer,East
CUST_01105,Consumer,South
CUST_01106,Enterprise,East
CUST_01107,SMB,East
CUST_01108,Consumer,South
CUST_01109,Consumer,South
CUST_01110,Enterprise,Central
CUST_01111,Consumer,West
CUST_01112,SMB,North
CUST_01113,SMB,North
CUST_01114,SMB,East
CUST_01115,Consumer,Central
CUST_01116,Consumer,East
CUST_01117,Enterprise,North
CUST_01118,Consumer,South
CUST_01119,SMB,West
CUST_01120,Enterprise,Central
CUST_01121,Consumer,South
CUST_01122,Consumer,West
CUST_01123,Consumer,Central
CUST_01124,Consumer,Central
CUST_01125,Consumer,North
CUST_01126,Consumer,South
CUST_01127,Enterprise,Central
CUST_01128,SMB,Central
CUST_01129,SMB,West
CUST_01130,SMB,North
CUST_01131,Consumer,East
CUST_01132,SMB,North
CUST_01133,Enterprise,East
CUST_01134,SMB,South
CUST_01135,Consumer,South
CUST_01136,Enterprise,Central
CUST_01137,Consumer,South
CUST_01138,SMB,Central
CUST_01139,SMB,North
CUST_01140,Consumer,South
CUST_01141,Consumer,North
CUST_01142,SMB,North
CUST_01143,Consumer,South
CUST_01144,Consumer,North
CUST_01145,SMB,South
CUST_01146,Consumer,South
CUST_01147,Consumer,South
CUST_01148,Consumer,East
CUST_01149,Consumer,North
CUST_01150,Consumer,West
CUST_01151,Consumer,South
CUST_01152,Consumer,North
CUST_01153,Consumer,Central
CUST_01154,Consumer,South
CUST_01155,Consumer,South
CUST_01156,Consumer,West
CUST_01157,Enterprise,East
CUST_01158,Consumer,East
CUST_01159,Consumer,South
CUST_01160,Enterprise,North
CUST_01161,Consumer,Central
CUST_01162,Enterprise,Central
CUST_01163,SMB,North
CUST_01164,Consumer,South
CUST_01165,Enterprise,Central
CUST_01166,Consumer,East
CUST_01167,Consumer,North
CUST_01168,SMB,West
CUST_01169,Enterprise,South
CUST_01170,SMB,North
CUST_01171,Consumer,Central
CUST_01172,Consumer,South
CUST_01173,Consumer,East
CUST_01174,SMB,South
CUST_01175,Consumer,South
CUST_01176,SMB,East
CUST_01177,Consumer,East
CUST_01178,Enterprise,South
CUST_01179,Consumer,East
CUST_01180,SMB,North
CUST_01181,Consumer,East
CUST_01182,SMB,East
CUST_01183,Consumer,South
CUST_01184,Consumer,North
CUST_01185,Enterprise,West
CUST_01186,Consumer,West
CUST_01187,Consumer,Central
CUST_01188,Enterprise,East
CUST_01189,SMB,East
CUST_01190,Consumer,North
CUST_01191,Enterprise,West
CUST_01192,Consumer,Central
CUST_01193,SMB,North
CUST_01194,Consumer,East
CUST_01195,Enterprise,West
CUST_01196,Consumer,Central
CUST_01197,Consumer,South
CUST_01198,Consumer,West
CUST_01199,Consumer,Central
CUST_01200,Enterprise,North
CUST_01201,Consumer,South
CUST_01202,Enterprise,Central
CUST_01203,Enterprise,Central
CUST_01204,SMB,East
CUST_01205,SMB,West
CUST_01206,Consumer,East
CUST_01207,Consumer,South
CUST_01208,SMB,Central
CUST_01209,SMB,East
CUST_01210,Consumer,West
CUST_01211,SMB,South
CUST_01212,SMB,North
CUST_01213,Enterprise,East
CUST_01214,Consumer,South
CUST_01215,Consumer,North
CUST_01216,SMB,East
CUST_01217,Enterprise,South
CUST_01218,Consumer,South
CUST_01219,Consumer,East
CUST_01220,SMB,South
CUST_01221,Consumer,Central
CUST_01222,Enterprise,East
CUST_01223,SMB,South
CUST_01224,Consumer,North
CUST_01225,SMB,North
CUST_01226,Consumer,Central
CUST_01227,SMB,East
CUST_01228,SMB,South
CUST_01229,Consumer,South
CUST_01230,SMB,North
CUST_01231,Consumer,Central
CUST_01232,SMB,North
CUST_01233,SMB,North
CUST_01234,Enterprise,Central
CUST_01235,Consumer,East
CUST_01236,SMB,South
CUST_01237,Consumer,East
CUST_01238,SMB,West
CUST_01239,Consumer,West
CUST_01240,Enterprise,West
CUST_01241,Consumer,Central
CUST_01242,Consumer,North
CUST_01243,Consumer,East
CUST_01244,Consumer,South
CUST_01245,Consumer,West
CUST_01246,Consumer,East
CUST_01247,Enterprise,West
CUST_01248,Enterprise,West
CUST_01249,Consumer,South
CUST_01250,Consumer,Central
CUST_01251,Consumer,North
CUST_01252,SMB,Central
CUST_01253,Enterprise,East
CUST_01254,Enterprise,Central
CUST_01255,Consumer,East
CUST_01256,SMB,East
CUST_01257,SMB,North
CUST_01258,SMB,South
CUST_01259,Enterprise,North
CUST_01260,Consumer,Central
CUST_01261,SMB,East
CUST_01262,Consumer,West
CUST_01263,SMB,West
CUST_01264,SMB,East
CUST_01265,Enterprise,North
CUST_01266,Enterprise,South
CUST_01267,SMB,North
CUST_01268,SMB,East
CUST_01269,Consumer,East
CUST_01270,SMB,South
CUST_01271,Consumer,Central
CUST_01272,Consumer,Central
CUST_01273,Consumer,South
CUST_01274,Enterprise,Central
CUST_01275,SMB,West
CUST_01276,Enterprise,Central
CUST_01277,SMB,Central
CUST_01278,Consumer,Central
CUST_01279,Enterprise,West
CUST_01280,SMB,Central
CUST_01281,Consumer,West
CUST_01282,Consumer,South
CUST_01283,Consumer,North
CUST_01284,Enterprise,South
CUST_01285,SMB,North
CUST_01286,SMB,South
CUST_01287,Enterprise,North
CUST_01288,SMB,North
CUST_01289,Enterprise,East
CUST_01290,Enterprise,North
CUST_01291,SMB,North
CUST_01292,Enterprise,East
CUST_01293,Consumer,Central
CUST_01294,Consumer,Central
CUST_01295,Consumer,East
CUST_01296,SMB,West
CUST_01297,Enterprise,North
CUST_01298,Enterprise,North
CUST_01299,Consumer,East
CUST_01300,Consumer,East
CUST_01301,Enterprise,West
CUST_01302,Consumer,Central
CUST_01303,Enterprise,South
CUST_01304,SMB,Central
CUST_01305,Consumer,North
CUST_01306,Consumer,East
CUST_01307,Consumer,West
CUST_01308,Consumer,Central
CUST_01309,SMB,West
CUST_01310,Consumer,Central
CUST_01311,Enterprise,North
CUST_01312,Consumer,South
CUST_01313,SMB,West
CUST_01314,Consumer,West
CUST_01315,SMB,South
CUST_01316,Consumer,West
CUST_01317,SMB,West
CUST_01318,Consumer,Central
CUST_01319,Enterprise,Central
CUST_01320,Enterprise,South
CUST_01321,SMB,North
CUST_01322,Enterprise,West
CUST_01323,Consumer,North
CUST_01324,SMB,South
CUST_01325,Consumer,South
CUST_01326,SMB,Central
CUST_01327,Enterprise,West
CUST_01328,Consumer,East
CUST_01329,Consumer,South
CUST_01330,SMB,West
CUST_01331,Consumer,North
CUST_01332,Consumer,Central
CUST_01333,SMB,North
CUST_01334,Consumer,South
CUST_01335,Consumer,South
CUST_01336,Consumer,North
CUST_01337,Enterprise,South
CUST_01338,Consumer,West
CUST_01339,Enterprise,South
CUST_01340,Enterprise,Central
CUST_01341,SMB,West
CUST_01342,SMB,East
CUST_01343,Consumer,South
CUST_01344,Consumer,South
CUST_01345,Consumer,Central
CUST_01346,SMB,Central
CUST_01347,SMB,North
CUST_01348,SMB,North
CUST_01349,Consumer,North
CUST_01350,Enterprise,Central
CUST_01351,Consumer,North
CUST_01352,Consumer,North
CUST_01353,SMB,East
CUST_01354,Consumer,North
CUST_01355,SMB,South
CUST_01356,Consumer,Central
CUST_01357,Consumer,West
CUST_01358,SMB,East
CUST_01359,SMB,Central
CUST_01360,Consumer,Central
CUST_01361,Consumer,South
CUST_01362,SMB,North
CUST_01363,Consumer,South
CUST_01364,Consumer,North
CUST_01365,Consumer,North
CUST_01366,Enterprise,Central
CUST_01367,Consumer,North
CUST_01368,Consumer,East
CUST_01369,Enterprise,East
CUST_01370,SMB,East
CUST_01371,Consumer,Central
CUST_01372,Enterprise,South
CUST_01373,Consumer,West
CUST_01374,SMB,North
CUST_01375,SMB,West
CUST_01376,Consumer,South
CUST_01377,SMB,South
CUST_01378,SMB,Central
CUST_01379,SMB,East
CUST_01380,Consumer,East
CUST_01381,Enterprise,South
CUST_01382,SMB,Central
CUST_01383,Consumer,Central
CUST_01384,SMB,North
CUST_01385,Consumer,East
CUST_01386,SMB,South
CUST_01387,Consumer,West
CUST_01388,Enterprise,East
CUST_01389,Consumer,North
CUST_01390,SMB,Central
CUST_01391,SMB,South
CUST_01392,Enterprise,East
CUST_01393,Enterprise,West
CUST_01394,SMB,North
CUST_01395,SMB,North
CUST_01396,Consumer,East
CUST_01397,SMB,West
CUST_01398,SMB,North
CUST_01399,Consumer,South
CUST_01400,Consumer,North
CUST_01401,Enterprise,West
CUST_01402,Enterprise,Central
CUST_01403,Enterprise,Central
CUST_01404,Consumer,East
CUST_01405,Consumer,West
CUST_01406,SMB,North
CUST_01407,Consumer,North
CUST_01408,Consumer,Central
CUST_01409,Consumer,Central
CUST_01410,Consumer,South
CUST_01411,SMB,Central
CUST_01412,Enterprise,South
CUST_01413,SMB,North
CUST_01414,Enterprise,South
CUST_01415,SMB,South
CUST_01416,Consumer,East
CUST_01417,Enterprise,Central
CUST_01418,Enterprise,South
CUST_01419,SMB,North
CUST_01420,Consumer,West
CUST_01421,SMB,South
CUST_01422,SMB,Central
CUST_01423,Enterprise,East
CUST_01424,Enterprise,North
CUST_01425,Consumer,East
CUST_01426,Consumer,West
CUST_01427,Enterprise,South
CUST_01428,Consumer,South
CUST_01429,Consumer,Central
CUST_01430,Consumer,South
CUST_01431,SMB,North
CUST_01432,SMB,West
CUST_01433,SMB,East
CUST_01434,Consumer,West
CUST_01435,Enterprise,South
CUST_01436,Enterprise,East
CUST_01437,SMB,Central
CUST_01438,Consumer,West
CUST_01439,SMB,East
CUST_01440,Consumer,East
CUST_01441,Consumer,East
CUST_01442,Enterprise,North
CUST_01443,Consumer,West
CUST_01444,SMB,East
CUST_01445,Consumer,West
CUST_01446,Enterprise,East
CUST_01447,Consumer,Central
CUST_01448,Consumer,Central
CUST_01449,Consumer,Central
CUST_01450,Consumer,South
CUST_01451,SMB,East
CUST_01452,Consumer,South
CUST_01453,Consumer,West
CUST_01454,Consumer,South
CUST_01455,Enterprise,West
CUST_01456,Consumer,West
CUST_01457,Consumer,West
CUST_01458,Consumer,South
CUST_01459,SMB,East
CUST_01460,Consumer,South
CUST_01461,SMB,East
CUST_01462,Consumer,East
CUST_01463,Enterprise,West
CUST_01464,Consumer,South
CUST_01465,Consumer,East
CUST_01466,Enterprise,Central
CUST_01467,Consumer,East
CUST_01468,SMB,Central
CUST_01469,Consumer,South
CUST_01470,Consumer,South
CUST_01471,Consumer,South
CUST_01472,Consumer,East
CUST_01473,Consumer,North
CUST_01474,SMB,East
CUST_01475,SMB,East
CUST_01476,Consumer,West
CUST_01477,Consumer,West
CUST_01478,Consumer,East
CUST_01479,Consumer,Central
CUST_01480,SMB,West
CUST_01481,Consumer,East
CUST_01482,Enterprise,North
CUST_01483,SMB,Central
CUST_01484,Enterprise,South
CUST_01485,SMB,East
CUST_01486,SMB,East
CUST_01487,SMB,Central
CUST_01488,Consumer,West
CUST_01489,SMB,West
CUST_01490,SMB,West
CUST_01491,SMB,South
CUST_01492,SMB,Central
CUST_01493,SMB,Central
CUST_01494,Enterprise,West
CUST_01495,Consumer,West
CUST_01496,Consumer,North
CUST_01497,Consumer,North
CUST_01498,SMB,East
CUST_01499,SMB,East
CUST_01500,Consumer,Central
CUST_01501,SMB,Central
CUST_01502,SMB,South
CUST_01503,Enterprise,South
CUST_01504,SMB,North
CUST_01505,SMB,East
CUST_01506,SMB,North
CUST_01507,Consumer,North
CUST_01508,SMB,East
CUST_01509,Consumer,South
CUST_01510,Consumer,East
CUST_01511,Consumer,West
CUST_01512,Consumer,West
CUST_01513,Consumer,West
CUST_01514,Enterprise,Central
CUST_01515,Enterprise,South
CUST_01516,Enterprise,South
CUST_01517,Consumer,Central
CUST_01518,Consumer,North
CUST_01519,SMB,West
CUST_01520,Consumer,West
CUST_01521,Enterprise,North
CUST_01522,Consumer,East
CUST_01523,SMB,East
CUST_01524,Enterprise,South
CUST_01525,SMB,Central
CUST_01526,SMB,South
CUST_01527,SMB,East
CUST_01528,SMB,North
CUST_01529,Consumer,South
CUST_01530,SMB,West
CUST_01531,SMB,West
CUST_01532,Consumer,North
CUST_01533,Consumer,East
CUST_01534,SMB,West
CUST_01535,SMB,West
CUST_01536,Enterprise,Central
CUST_01537,Enterprise,South
CUST_01538,Consumer,East
CUST_01539,Enterprise,South
CUST_01540,SMB,East
CUST_01541,Consumer,West
CUST_01542,Enterprise,Central
CUST_01543,Consumer,South
CUST_01544,SMB,West
CUST_01545,Consumer,East
CUST_01546,SMB,South
CUST_01547,Consumer,South
CUST_01548,Consumer,West
CUST_01549,Enterprise,South
CUST_01550,Consumer,Central
CUST_01551,Consumer,Central
CUST_01552,Consumer,West
CUST_01553,Consumer,East
CUST_01554,Consumer,West
CUST_01555,SMB,Central
CUST_01556,SMB,North
CUST_01557,Consumer,North
CUST_01558,SMB,South
CUST_01559,Consumer,South
CUST_01560,Consumer,North
CUST_01561,SMB,Central
CUST_01562,SMB,South
CUST_01563,Consumer,West
CUST_01564,SMB,West
CUST_01565,Consumer,Central
CUST_01566,SMB,South
CUST_01567,Consumer,West
CUST_01568,Enterprise,South
CUST_01569,Consumer,South
CUST_01570,SMB,West
CUST_01571,Consumer,North
CUST_01572,Enterprise,West
CUST_01573,Consumer,Central
CUST_01574,Consumer,East
CUST_01575,SMB,West
CUST_01576,Enterprise,South
CUST_01577,Enterprise,South
CUST_01578,Consumer,West
CUST_01579,Consumer,East
CUST_01580,SMB,West
CUST_01581,SMB,East
CUST_01582,SMB,East
CUST_01583,Consumer,Central
CUST_01584,SMB,South
CUST_01585,Consumer,South
CUST_01586,Enterprise,East
CUST_01587,Consumer,South
CUST_01588,SMB,North
CUST_01589,SMB,East
CUST_01590,Consumer,South
CUST_01591,Consumer,North
CUST_01592,Consumer,Central
CUST_01593,Enterprise,South
CUST_01594,Enterprise,North
CUST_01595,Consumer,West
CUST_01596,Consumer,West
CUST_01597,SMB,North
CUST_01598,Enterprise,East
CUST_01599,Enterprise,East
CUST_01600,Consumer,South
CUST_01601,Enterprise,West
CUST_01602,SMB,East
CUST_01603,SMB,East
CUST_01604,SMB,West
CUST_01605,Enterprise,Central
CUST_01606,SMB,East
CUST_01607,Enterprise,North
CUST_01608,Consumer,South
CUST_01609,SMB,East
CUST_01610,SMB,East
CUST_01611,Consumer,Central
CUST_01612,Consumer,North
CUST_01613,SMB,South
CUST_01614,SMB,East
CUST_01615,SMB,South
CUST_01616,Consumer,West
CUST_01617,Consumer,East
CUST_01618,Consumer,East
CUST_01619,Consumer,West
CUST_01620,Consumer,Central
CUST_01621,SMB,East
CUST_01622,Enterprise,South
CUST_01623,Consumer,North
CUST_01624,Consumer,South
CUST_01625,Enterprise,Central
CUST_01626,Consumer,North
CUST_01627,SMB,South
CUST_01628,SMB,South
CUST_01629,Enterprise,West
CUST_01630,SMB,Central
CUST_01631,Consumer,West
CUST_01632,SMB,North
CUST_01633,Consumer,West
CUST_01634,Consumer,Central
CUST_01635,Consumer,East
CUST_01636,SMB,East
CUST_01637,SMB,North
CUST_01638,Enterprise,East
CUST_01639,Consumer,West
CUST_01640,Consumer,North
CUST_01641,SMB,Central
CUST_01642,Consumer,North
CUST_01643,SMB,North
CUST_01644,Consumer,South
CUST_01645,Enterprise,South
CUST_01646,Consumer,North
CUST_01647,Enterprise,East
CUST_01648,Consumer,South
CUST_01649,Consumer,Central
CUST_01650,Consumer,West
CUST_01651,Enterprise,South
CUST_01652,SMB,North
CUST_01653,SMB,East
CUST_01654,SMB,West
CUST_01655,Enterprise,South
CUST_01656,Consumer,East
CUST_01657,Consumer,East
CUST_01658,SMB,East
CUST_01659,SMB,North
CUST_01660,SMB,Central
CUST_01661,Consumer,East
CUST_01662,SMB,West
CUST_01663,Consumer,South
CUST_01664,SMB,West
CUST_01665,Consumer,North
CUST_01666,Consumer,North
CUST_01667,SMB,West
CUST_01668,Consumer,Central
CUST_01669,Enterprise,North
CUST_01670,Consumer,North
CUST_01671,SMB,West
CUST_01672,Consumer,North
CUST_01673,Consumer,Central
CUST_01674,Consumer,Central
CUST_01675,Consumer,Central
CUST_01676,SMB,South
CUST_01677,Enterprise,Central
CUST_01678,SMB,Central
CUST_01679,Enterprise,South
CUST_01680,Consumer,East
CUST_01681,SMB,North
CUST_01682,Consumer,Central
CUST_01683,Consumer,North
CUST_01684,Consumer,West
CUST_01685,Enterprise,North
CUST_01686,Consumer,South
CUST_01687,Consumer,North
CUST_01688,SMB,North
CUST_01689,Consumer,North
CUST_01690,Consumer,East
CUST_01691,Enterprise,East
CUST_01692,SMB,West
CUST_01693,SMB,South
CUST_01694,Enterprise,North
CUST_01695,SMB,North
CUST_01696,Enterprise,North
CUST_01697,Enterprise,North
CUST_01698,Enterprise,East
CUST_01699,Consumer,West
CUST_01700,SMB,Central
CUST_01701,Consumer,South
CUST_01702,SMB,North
CUST_01703,SMB,West
CUST_01704,SMB,Central
CUST_01705,SMB,West
CUST_01706,Enterprise,East
CUST_01707,Consumer,Central
CUST_01708,SMB,West
CUST_01709,Consumer,East
CUST_01710,Consumer,West
CUST_01711,Enterprise,West
CUST_01712,Enterprise,Central
CUST_01713,Consumer,East
CUST_01714,SMB,North
CUST_01715,Enterprise,South
CUST_01716,Consumer,Central
CUST_01717,Enterprise,East
CUST_01718,Consumer,West
CUST_01719,Consumer,East
CUST_01720,SMB,South
CUST_01721,Enterprise,South
CUST_01722,Enterprise,North
CUST_01723,SMB,North
CUST_01724,Enterprise,South
CUST_01725,Consumer,Central
CUST_01726,Enterprise,Central
CUST_01727,SMB,West
CUST_01728,Consumer,North
CUST_01729,Consumer,West
CUST_01730,Consumer,North
CUST_01731,SMB,South
CUST_01732,Consumer,Central
CUST_01733,SMB,Central
CUST_01734,SMB,South
CUST_01735,Enterprise,West
CUST_01736,Consumer,West
CUST_01737,SMB,East
CUST_01738,Enterprise,North
CUST_01739,SMB,West
CUST_01740,SMB,South
CUST_01741,Consumer,West
CUST_01742,Consumer,Central
CUST_01743,Consumer,North
CUST_01744,Enterprise,East
CUST_01745,SMB,North
CUST_01746,SMB,Central
CUST_01747,Enterprise,Central
CUST_01748,SMB,Central
CUST_01749,Consumer,Central
CUST_01750,Enterprise,South
CUST_01751,SMB,East
CUST_01752,SMB,Central
CUST_01753,Enterprise,Central
CUST_01754,SMB,West
CUST_01755,Consumer,East
CUST_01756,Consumer,North
CUST_01757,Consumer,East
CUST_01758,SMB,East
CUST_01759,Enterprise,East
CUST_01760,SMB,Central
CUST_01761,SMB,Central
CUST_01762,Consumer,South
CUST_01763,Enterprise,North
CUST_01764,SMB,West
CUST_01765,Enterprise,East
CUST_01766,SMB,North
CUST_01767,Consumer,North
CUST_01768,SMB,South
CUST_01769,SMB,West
CUST_01770,SMB,East
CUST_01771,SMB,West
CUST_01772,Consumer,South
CUST_01773,Consumer,Central
CUST_01774,Consumer,North
CUST_01775,Consumer,East
CUST_01776,SMB,Central
CUST_01777,Consumer,South
CUST_01778,SMB,West
CUST_01779,SMB,North
CUST_01780,Consumer,East
CUST_01781,Enterprise,Central
CUST_01782,Consumer,Central
CUST_01783,SMB,North
CUST_01784,Consumer,West
CUST_01785,Consumer,South
CUST_01786,Consumer,West
CUST_01787,Consumer,West
CUST_01788,Consumer,West
CUST_01789,Enterprise,North
CUST_01790,SMB,North
CUST_01791,Enterprise,South
CUST_01792,Consumer,West
CUST_01793,SMB,North
CUST_01794,Consumer,South
CUST_01795,Enterprise,South
CUST_01796,Enterprise,West
CUST_01797,Consumer,East
CUST_01798,Enterprise,West
CUST_01799,Enterprise,East
CUST_01800,Enterprise,South
CUST_01801,Consumer,North
CUST_01802,Consumer,Central
CUST_01803,SMB,South
CUST_01804,SMB,North
CUST_01805,SMB,South
CUST_01806,Consumer,West
CUST_01807,Consumer,East
CUST_01808,Enterprise,South
CUST_01809,Enterprise,North
CUST_01810,Enterprise,West
CUST_01811,Consumer,Central
CUST_01812,Consumer,West
CUST_01813,SMB,East
CUST_01814,Enterprise,West
CUST_01815,Enterprise,Central
CUST_01816,Consumer,North
CUST_01817,SMB,South
CUST_01818,Consumer,East
CUST_01819,Consumer,Central
CUST_01820,SMB,East
CUST_01821,SMB,West
CUST_01822,Enterprise,East
CUST_01823,Consumer,Central
CUST_01824,Consumer,South
CUST_01825,Consumer,South
CUST_01826,SMB,East
CUST_01827,Enterprise,North
CUST_01828,Consumer,East
CUST_01829,Consumer,West
CUST_01830,SMB,South
CUST_01831,Consumer,South
CUST_01832,Consumer,South
CUST_01833,Consumer,North
CUST_01834,Consumer,North
CUST_01835,Consumer,Central
CUST_01836,Consumer,East
CUST_01837,Enterprise,East
CUST_01838,SMB,West
CUST_01839,Consumer,South
CUST_01840,SMB,North
CUST_01841,SMB,West
CUST_01842,SMB,West
CUST_01843,SMB,North
CUST_01844,Consumer,East
CUST_01845,Consumer,South
CUST_01846,SMB,East
CUST_01847,Enterprise,West
CUST_01848,Enterprise,South
CUST_01849,Consumer,Central
CUST_01850,Consumer,West
CUST_01851,SMB,East
CUST_01852,Consumer,East
CUST_01853,Consumer,East
CUST_01854,Consumer,North
CUST_01855,Consumer,West
CUST_01856,SMB,South
CUST_01857,Consumer,East
CUST_01858,SMB,East
CUST_01859,Consumer,North
CUST_01860,Consumer,South
CUST_01861,Consumer,West
CUST_01862,Consumer,Central
CUST_01863,Enterprise,North
CUST_01864,SMB,West
CUST_01865,Consumer,Central
CUST_01866,Consumer,East
CUST_01867,Enterprise,East
CUST_01868,Enterprise,South
CUST_01869,Enterprise,Central
CUST_01870,Consumer,East
CUST_01871,Consumer,East
CUST_01872,SMB,South
CUST_01873,SMB,West
CUST_01874,Consumer,East
CUST_01875,Consumer,North
CUST_01876,SMB,North
CUST_01877,Consumer,West
CUST_01878,SMB,Central
CUST_01879,SMB,South
CUST_01880,Consumer,North
CUST_01881,Consumer,North
CUST_01882,Consumer,West
CUST_01883,Consumer,Central
CUST_01884,Consumer,Central
CUST_01885,Enterprise,West
CUST_01886,SMB,North
CUST_01887,Enterprise,South
CUST_01888,SMB,North
CUST_01889,Consumer,Central
CUST_01890,Consumer,North
CUST_01891,Enterprise,South
CUST_01892,SMB,East
CUST_01893,Consumer,North
CUST_01894,SMB,West
CUST_01895,Consumer,East
CUST_01896,Consumer,West
CUST_01897,Consumer,West
CUST_01898,Enterprise,West
CUST_01899,SMB,North
CUST_01900,Consumer,Central
CUST_01901,Consumer,East
CUST_01902,Enterprise,South
CUST_01903,Consumer,Central
CUST_01904,Enterprise,North
CUST_01905,Consumer,West
CUST_01906,SMB,South
CUST_01907,Consumer,East
CUST_01908,SMB,Central
CUST_01909,SMB,Central
CUST_01910,Enterprise,South
CUST_01911,SMB,North
CUST_01912,Consumer,East
CUST_01913,Consumer,South
CUST_01914,SMB,West
CUST_01915,SMB,East
CUST_01916,Consumer,Central
CUST_01917,Consumer,South
CUST_01918,Consumer,Central
CUST_01919,SMB,Central
CUST_01920,SMB,Central
CUST_01921,Consumer,North
CUST_01922,Enterprise,Central
CUST_01923,Consumer,West
CUST_01924,SMB,West
CUST_01925,Consumer,East
CUST_01926,Enterprise,Central
CUST_01927,Consumer,Central
CUST_01928,SMB,South
CUST_01929,Consumer,North
CUST_01930,Enterprise,East
CUST_01931,Consumer,Central
CUST_01932,Consumer,South
CUST_01933,Consumer,North
CUST_01934,Consumer,East
CUST_01935,Consumer,East
CUST_01936,Consumer,Central
CUST_01937,SMB,East
CUST_01938,Consumer,South
CUST_01939,SMB,East
CUST_01940,Enterprise,West
CUST_01941,Enterprise,South
CUST_01942,SMB,North
CUST_01943,Consumer,North
CUST_01944,Consumer,Central
CUST_01945,Consumer,Central
CUST_01946,SMB,West
CUST_01947,SMB,North
CUST_01948,Enterprise,North
CUST_01949,SMB,North
CUST_01950,SMB,North
CUST_01951,Enterprise,East
CUST_01952,SMB,South
CUST_01953,Consumer,South
CUST_01954,Consumer,West
CUST_01955,Consumer,East
CUST_01956,Consumer,North
CUST_01957,Consumer,North
CUST_01958,SMB,Central
CUST_01959,Consumer,Central
CUST_01960,Consumer,West
CUST_01961,Enterprise,North
CUST_01962,SMB,West
CUST_01963,Consumer,East
CUST_01964,SMB,South
CUST_01965,Consumer,North
CUST_01966,Consumer,East
CUST_01967,Enterprise,North
CUST_01968,SMB,Central
CUST_01969,SMB,West
CUST_01970,Enterprise,Central
CUST_01971,Enterprise,South
CUST_01972,Consumer,Central
CUST_01973,SMB,North
CUST_01974,SMB,Central
CUST_01975,SMB,North
CUST_01976,Consumer,South
CUST_01977,SMB,Central
CUST_01978,SMB,West
CUST_01979,Consumer,West
CUST_01980,Consumer,West
CUST_01981,Enterprise,Central
CUST_01982,Consumer,Central
CUST_01983,SMB,Central
CUST_01984,SMB,North
CUST_01985,Enterprise,South
CUST_01986,Enterprise,West
CUST_01987,Consumer,North
CUST_01988,SMB,West
CUST_01989,SMB,North
CUST_01990,Consumer,Central
CUST_01991,Consumer,West
CUST_01992,Enterprise,Central
CUST_01993,Consumer,West
CUST_01994,Enterprise,East
CUST_01995,Consumer,North
CUST_01996,Consumer,East
CUST_01997,Consumer,North
CUST_01998,Enterprise,South
CUST_01999,Enterprise,West
CUST_02000,SMB,South
CUST_02001,SMB,South
CUST_02002,SMB,North
CUST_02003,Consumer,East
CUST_02004,SMB,Central
CUST_02005,SMB,North
CUST_02006,Consumer,Central
CUST_02007,SMB,South
CUST_02008,Consumer,Central
CUST_02009,Enterprise,East
CUST_02010,SMB,North
CUST_02011,Enterprise,East
CUST_02012,Enterprise,East
CUST_02013,Consumer,North
CUST_02014,Enterprise,East
CUST_02015,SMB,West
CUST_02016,SMB,West
CUST_02017,SMB,West
CUST_02018,Consumer,Central
CUST_02019,Enterprise,East
CUST_02020,Consumer,North
CUST_02021,Consumer,North
CUST_02022,Consumer,Central
CUST_02023,Consumer,North
CUST_02024,Enterprise,West
CUST_02025,SMB,East
CUST_02026,SMB,North
CUST_02027,Consumer,North
CUST_02028,Consumer,South
CUST_02029,SMB,South
CUST_02030,Consumer,South
CUST_02031,Enterprise,East
CUST_02032,Consumer,West
CUST_02033,SMB,West
CUST_02034,Consumer,West
CUST_02035,Consumer,East
CUST_02036,SMB,East
CUST_02037,Enterprise,South
CUST_02038,Enterprise,North
CUST_02039,SMB,Central
CUST_02040,SMB,Central
CUST_02041,Consumer,North
CUST_02042,Consumer,South
CUST_02043,SMB,North
CUST_02044,Enterprise,North
CUST_02045,Consumer,Central
CUST_02046,Consumer,South
CUST_02047,Enterprise,East
CUST_02048,Consumer,Central
CUST_02049,SMB,East
CUST_02050,Enterprise,South
CUST_02051,SMB,North
CUST_02052,SMB,West
CUST_02053,Enterprise,West
CUST_02054,Consumer,South
CUST_02055,Consumer,West
CUST_02056,Consumer,East
CUST_02057,SMB,West
CUST_02058,SMB,South
CUST_02059,Consumer,South
CUST_02060,SMB,East
CUST_02061,Enterprise,West
CUST_02062,SMB,West
CUST_02063,Consumer,North
CUST_02064,SMB,Central
CUST_02065,Enterprise,South
CUST_02066,Consumer,North
CUST_02067,SMB,South
CUST_02068,SMB,North
CUST_02069,Enterprise,Central
CUST_02070,SMB,North
CUST_02071,Consumer,South
CUST_02072,SMB,West
CUST_02073,SMB,South
CUST_02074,Consumer,East
CUST_02075,Consumer,East
CUST_02076,Consumer,East
CUST_02077,SMB,East
CUST_02078,SMB,Central
CUST_02079,Consumer,West
CUST_02080,Consumer,West
CUST_02081,Enterprise,South
CUST_02082,Enterprise,North
CUST_02083,SMB,South
CUST_02084,Consumer,South
CUST_02085,SMB,South
CUST_02086,SMB,South
CUST_02087,Enterprise,West
CUST_02088,Consumer,North
CUST_02089,Consumer,South
CUST_02090,SMB,West
CUST_02091,Consumer,South
CUST_02092,Consumer,East
CUST_02093,SMB,South
CUST_02094,SMB,South
CUST_02095,SMB,Central
CUST_02096,Consumer,East
CUST_02097,Consumer,North
CUST_02098,Consumer,South
CUST_02099,Consumer,North
CUST_02100,SMB,East
CUST_02101,Consumer,South
CUST_02102,SMB,Central
CUST_02103,Enterprise,West
CUST_02104,Consumer,Central
CUST_02105,Consumer,Central
CUST_02106,SMB,West
CUST_02107,Consumer,West
CUST_02108,Consumer,West
CUST_02109,SMB,South
CUST_02110,Consumer,North
CUST_02111,Enterprise,North
CUST_02112,SMB,West
CUST_02113,Enterprise,Central
CUST_02114,Consumer,East
CUST_02115,Consumer,West
CUST_02116,Enterprise,Central
CUST_02117,SMB,Central
CUST_02118,Consumer,South
CUST_02119,Enterprise,South
CUST_02120,Consumer,North
CUST_02121,Consumer,North
CUST_02122,SMB,East
CUST_02123,Consumer,East
CUST_02124,SMB,East
CUST_02125,Consumer,East
CUST_02126,Consumer,Central
CUST_02127,Consumer,Central
CUST_02128,Enterprise,North
CUST_02129,Consumer,South
CUST_02130,SMB,South
CUST_02131,Enterprise,West
CUST_02132,Enterprise,Central
CUST_02133,Consumer,East
CUST_02134,SMB,East
CUST_02135,Consumer,West
CUST_02136,Consumer,South
CUST_02137,Enterprise,East
CUST_02138,Consumer,South
CUST_02139,Enterprise,West
CUST_02140,Consumer,South
CUST_02141,Consumer,South
CUST_02142,SMB,South
CUST_02143,Consumer,East
CUST_02144,SMB,North
CUST_02145,SMB,Central
CUST_02146,Consumer,South
CUST_02147,SMB,South
CUST_02148,SMB,South
CUST_02149,SMB,North
CUST_02150,Consumer,West
CUST_02151,SMB,East
CUST_02152,Enterprise,North
CUST_02153,Consumer,South
CUST_02154,Consumer,North
CUST_02155,Enterprise,North
CUST_02156,SMB,North
CUST_02157,Enterprise,West
CUST_02158,SMB,Central
CUST_02159,SMB,East
CUST_02160,Consumer,West
CUST_02161,Consumer,West
CUST_02162,Consumer,Central
CUST_02163,SMB,West
CUST_02164,Consumer,North
CUST_02165,SMB,North
CUST_02166,Consumer,South
CUST_02167,Consumer,West
CUST_02168,Enterprise,South
CUST_02169,Consumer,East
CUST_02170,SMB,North
CUST_02171,Consumer,East
CUST_02172,Enterprise,Central
CUST_02173,Enterprise,North
CUST_02174,Consumer,East
CUST_02175,SMB,Central
CUST_02176,Consumer,East
CUST_02177,SMB,Central
CUST_02178,Consumer,Central
CUST_02179,Consumer,North
CUST_02180,SMB,South
CUST_02181,SMB,Central
CUST_02182,SMB,Central
CUST_02183,Enterprise,North
CUST_02184,SMB,South
CUST_02185,Consumer,West
CUST_02186,Consumer,West
CUST_02187,Consumer,South
CUST_02188,Consumer,East
CUST_02189,Consumer,North
CUST_02190,Consumer,South
CUST_02191,SMB,West
CUST_02192,Consumer,Central
CUST_02193,Consumer,West
CUST_02194,Consumer,Central
CUST_02195,Enterprise,North
CUST_02196,SMB,Central
CUST_02197,SMB,South
CUST_02198,Consumer,Central
CUST_02199,SMB,East
CUST_02200,SMB,South
CUST_02201,Consumer,North
CUST_02202,Enterprise,South
CUST_02203,SMB,East
CUST_02204,Enterprise,North
CUST_02205,Consumer,West
CUST_02206,Consumer,East
CUST_02207,SMB,North
CUST_02208,Consumer,Central
CUST_02209,SMB,South
CUST_02210,Consumer,North
CUST_02211,Consumer,South
CUST_02212,Consumer,Central
CUST_02213,Enterprise,North
CUST_02214,Consumer,West
CUST_02215,Consumer,East
CUST_02216,SMB,North
CUST_02217,Consumer,Central
CUST_02218,SMB,North
CUST_02219,Consumer,South
CUST_02220,Enterprise,North
CUST_02221,Consumer,West
CUST_02222,SMB,North
CUST_02223,Enterprise,East
CUST_02224,SMB,North
CUST_02225,Enterprise,South
CUST_02226,SMB,North
CUST_02227,SMB,West
CUST_02228,Consumer,Central
CUST_02229,SMB,North
CUST_02230,SMB,North
CUST_02231,Consumer,East
CUST_02232,Enterprise,West
CUST_02233,Consumer,Central
CUST_02234,Consumer,South
CUST_02235,Consumer,North
CUST_02236,Consumer,Central
CUST_02237,Consumer,South
CUST_02238,Enterprise,West
CUST_02239,Enterprise,West
CUST_02240,SMB,Central
CUST_02241,Consumer,South
CUST_02242,Enterprise,West
CUST_02243,Consumer,Central
CUST_02244,Consumer,West
CUST_02245,Consumer,West
CUST_02246,SMB,West
CUST_02247,Enterprise,East
CUST_02248,Consumer,South
CUST_02249,Consumer,Central
CUST_02250,Enterprise,Central
CUST_02251,Enterprise,South
CUST_02252,Consumer,South
CUST_02253,Consumer,South
CUST_02254,Consumer,South
CUST_02255,Consumer,North
CUST_02256,Consumer,Central
CUST_02257,SMB,North
CUST_02258,SMB,West
CUST_02259,SMB,West
CUST_02260,SMB,Central
CUST_02261,Consumer,West
CUST_02262,Consumer,South
CUST_02263,Consumer,North
CUST_02264,SMB,South
CUST_02265,Consumer,West
CUST_02266,Consumer,North
CUST_02267,Consumer,South
CUST_02268,Consumer,Central
CUST_02269,SMB,South
CUST_02270,SMB,West
CUST_02271,Enterprise,North
CUST_02272,SMB,Central
CUST_02273,SMB,North
CUST_02274,Consumer,Central
CUST_02275,Consumer,North
CUST_02276,Consumer,West
CUST_02277,Consumer,Central
CUST_02278,SMB,East
CUST_02279,Consumer,North
CUST_02280,Enterprise,North
CUST_02281,SMB,South
CUST_02282,SMB,Central
CUST_02283,SMB,East
CUST_02284,Enterprise,West
CUST_02285,Enterprise,South
CUST_02286,SMB,East
CUST_02287,Consumer,Central
CUST_02288,SMB,East
CUST_02289,SMB,North
CUST_02290,Enterprise,North
CUST_02291,Consumer,South
CUST_02292,SMB,Central
CUST_02293,SMB,Central
CUST_02294,SMB,East
CUST_02295,Enterprise,South
CUST_02296,Enterprise,Central
CUST_02297,SMB,North
CUST_02298,Enterprise,East
CUST_02299,Enterprise,West
CUST_02300,SMB,North
CUST_02301,Consumer,South
CUST_02302,Consumer,Central
CUST_02303,SMB,North
CUST_02304,SMB,West
CUST_02305,Consumer,West
CUST_02306,SMB,South
CUST_02307,Enterprise,North
CUST_02308,Consumer,East
CUST_02309,Enterprise,North
CUST_02310,SMB,West
CUST_02311,SMB,South
CUST_02312,Consumer,South
CUST_02313,SMB,East
CUST_02314,Consumer,South
CUST_02315,Consumer,South
CUST_02316,Enterprise,South
CUST_02317,SMB,South
CUST_02318,SMB,South
CUST_02319,SMB,West
CUST_02320,SMB,North
CUST_02321,Consumer,Central
CUST_02322,Consumer,South
CUST_02323,Consumer,Central
CUST_02324,SMB,Central
CUST_02325,Consumer,West
CUST_02326,Consumer,South
CUST_02327,Consumer,Central
CUST_02328,Enterprise,South
CUST_02329,Consumer,East
CUST_02330,Enterprise,East
CUST_02331,SMB,East
CUST_02332,Enterprise,Central
CUST_02333,Consumer,East
CUST_02334,Consumer,West
CUST_02335,Enterprise,West
CUST_02336,SMB,Central
CUST_02337,SMB,South
CUST_02338,SMB,North
CUST_02339,Enterprise,South
CUST_02340,SMB,South
CUST_02341,Consumer,South
CUST_02342,Enterprise,South
CUST_02343,Enterprise,North
CUST_02344,SMB,East
CUST_02345,Consumer,South
CUST_02346,Consumer,West
CUST_02347,Consumer,Central
CUST_02348,SMB,Central
CUST_02349,Consumer,West
CUST_02350,Enterprise,South
CUST_02351,Consumer,North
CUST_02352,Consumer,East
CUST_02353,Consumer,Central
CUST_02354,Consumer,East
CUST_02355,Consumer,North
CUST_02356,Enterprise,Central
CUST_02357,Consumer,East
CUST_02358,Enterprise,North
CUST_02359,SMB,East
CUST_02360,Enterprise,South
CUST_02361,Enterprise,North
CUST_02362,SMB,East
CUST_02363,SMB,South
CUST_02364,SMB,South
CUST_02365,Consumer,North
CUST_02366,Enterprise,West
CUST_02367,Enterprise,Central
CUST_02368,Consumer,North
CUST_02369,SMB,South
CUST_02370,Consumer,South
CUST_02371,Consumer,North
CUST_02372,Consumer,West
CUST_02373,Consumer,Central
CUST_02374,SMB,East
CUST_02375,Consumer,North
CUST_02376,SMB,Central
CUST_02377,SMB,Central
CUST_02378,Consumer,South
CUST_02379,SMB,East
CUST_02380,Consumer,North
CUST_02381,Consumer,South
CUST_02382,Consumer,South
CUST_02383,Consumer,West
CUST_02384,SMB,Central
CUST_02385,SMB,North
CUST_02386,Consumer,North
CUST_02387,SMB,North
CUST_02388,Consumer,South
CUST_02389,Consumer,West
CUST_02390,Consumer,East
CUST_02391,SMB,South
CUST_02392,Enterprise,East
CUST_02393,SMB,West
CUST_02394,Enterprise,Central
CUST_02395,Consumer,North
CUST_02396,SMB,East
CUST_02397,Enterprise,South
CUST_02398,Enterprise,East
CUST_02399,Consumer,Central
CUST_02400,Consumer,North
CUST_02401,SMB,East
CUST_02402,Enterprise,Central
CUST_02403,SMB,South
CUST_02404,SMB,West
CUST_02405,Consumer,South
CUST_02406,Consumer,North
CUST_02407,SMB,South
CUST_02408,SMB,South
CUST_02409,Consumer,South
CUST_02410,SMB,South
CUST_02411,Consumer,North
CUST_02412,Enterprise,Central
CUST_02413,SMB,East
CUST_02414,Enterprise,West
CUST_02415,SMB,East
CUST_02416,Consumer,East
CUST_02417,SMB,West
CUST_02418,Enterprise,North
CUST_02419,Enterprise,West
CUST_02420,SMB,North
CUST_02421,Enterprise,East
CUST_02422,Enterprise,North
CUST_02423,Consumer,Central
CUST_02424,SMB,West
CUST_02425,SMB,Central
CUST_02426,Consumer,East
CUST_02427,Enterprise,West
CUST_02428,Consumer,East
CUST_02429,SMB,Central
CUST_02430,Consumer,East
CUST_02431,Consumer,West
CUST_02432,Consumer,West
CUST_02433,Consumer,East
CUST_02434,SMB,West
CUST_02435,Consumer,West
CUST_02436,SMB,East
CUST_02437,SMB,Central
CUST_02438,SMB,West
CUST_02439,SMB,West
CUST_02440,Enterprise,West
CUST_02441,Consumer,West
CUST_02442,SMB,East
CUST_02443,Consumer,Central
CUST_02444,Consumer,Central
CUST_02445,SMB,North
CUST_02446,SMB,West
CUST_02447,SMB,West
CUST_02448,Enterprise,North
CUST_02449,Enterprise,Central
CUST_02450,SMB,South
CUST_02451,SMB,South
CUST_02452,Consumer,Central
CUST_02453,Consumer,West
CUST_02454,SMB,South
CUST_02455,Consumer,East
CUST_02456,Enterprise,East
CUST_02457,SMB,North
CUST_02458,Consumer,Central
CUST_02459,SMB,Central
CUST_02460,SMB,South
CUST_02461,Consumer,West
CUST_02462,Consumer,Central
CUST_02463,Consumer,South
CUST_02464,Consumer,South
CUST_02465,Consumer,Central
CUST_02466,SMB,South
CUST_02467,SMB,North
CUST_02468,Enterprise,North
CUST_02469,SMB,Central
CUST_02470,SMB,West
CUST_02471,SMB,North
CUST_02472,Consumer,North
CUST_02473,Consumer,Central
CUST_02474,Consumer,East
CUST_02475,SMB,South
CUST_02476,Consumer,North
CUST_02477,Enterprise,East
CUST_02478,Consumer,West
CUST_02479,Enterprise,East
CUST_02480,Consumer,Central
CUST_02481,SMB,West
CUST_02482,Consumer,West
CUST_02483,Consumer,East
CUST_02484,Enterprise,Central
CUST_02485,SMB,North
CUST_02486,Consumer,East
CUST_02487,SMB,North
CUST_02488,Consumer,East
CUST_02489,Consumer,North
CUST_02490,SMB,East
CUST_02491,SMB,West
CUST_02492,SMB,South
CUST_02493,Consumer,West
CUST_02494,SMB,North
CUST_02495,SMB,Central
CUST_02496,SMB,West
CUST_02497,Consumer,South
CUST_02498,Consumer,North
CUST_02499,Consumer,West
CUST_02500,SMB,East
CUST_02501,Consumer,Central
CUST_02502,Consumer,North
CUST_02503,Consumer,West
CUST_02504,Consumer,North
CUST_02505,SMB,East
CUST_02506,Enterprise,South
CUST_02507,Consumer,West
CUST_02508,SMB,North
CUST_02509,Consumer,North
CUST_02510,Consumer,North
CUST_02511,Enterprise,South
CUST_02512,Consumer,North
CUST_02513,SMB,Central
CUST_02514,SMB,Central
CUST_02515,Consumer,North
CUST_02516,Consumer,Central
CUST_02517,Enterprise,West
CUST_02518,SMB,Central
CUST_02519,Consumer,North
CUST_02520,Consumer,East
CUST_02521,Consumer,West
CUST_02522,Enterprise,South
CUST_02523,SMB,North
CUST_02524,SMB,South
CUST_02525,Consumer,East
CUST_02526,SMB,South
CUST_02527,SMB,North
CUST_02528,Consumer,North
CUST_02529,Enterprise,East
CUST_02530,Consumer,North
CUST_02531,Consumer,East
CUST_02532,Consumer,East
CUST_02533,SMB,North
CUST_02534,Enterprise,Central
CUST_02535,Consumer,East
CUST_02536,Consumer,North
CUST_02537,Consumer,Central
CUST_02538,Enterprise,East
CUST_02539,Consumer,Central
CUST_02540,Consumer,West
CUST_02541,Consumer,West
CUST_02542,Consumer,Central
CUST_02543,Consumer,East
CUST_02544,Consumer,North
CUST_02545,Enterprise,South
CUST_02546,SMB,North
CUST_02547,Enterprise,South
CUST_02548,SMB,South
CUST_02549,SMB,East
CUST_02550,Enterprise,Central
CUST_02551,SMB,North
CUST_02552,Enterprise,Central
CUST_02553,Consumer,West
CUST_02554,Consumer,East
CUST_02555,Enterprise,East
CUST_02556,Consumer,West
CUST_02557,SMB,North
CUST_02558,SMB,West
CUST_02559,Enterprise,North
CUST_02560,SMB,South
CUST_02561,Consumer,East
CUST_02562,Consumer,North
CUST_02563,Enterprise,Central
CUST_02564,Enterprise,Central
CUST_02565,SMB,East
CUST_02566,SMB,West
CUST_02567,SMB,West
CUST_02568,SMB,North
CUST_02569,Consumer,West
CUST_02570,Consumer,East
CUST_02571,SMB,North
CUST_02572,Consumer,South
CUST_02573,SMB,West
CUST_02574,SMB,West
CUST_02575,SMB,North
CUST_02576,Consumer,Central
CUST_02577,Consumer,West
CUST_02578,Consumer,East
CUST_02579,SMB,West
CUST_02580,Consumer,South
CUST_02581,Enterprise,West
CUST_02582,Consumer,Central
CUST_02583,SMB,West
CUST_02584,SMB,North
CUST_02585,Consumer,West
CUST_02586,Consumer,Central
CUST_02587,Enterprise,North
CUST_02588,Consumer,East
CUST_02589,SMB,North
CUST_02590,Consumer,South
CUST_02591,Consumer,North
CUST_02592,Consumer,East
CUST_02593,Consumer,West
CUST_02594,SMB,North
CUST_02595,Enterprise,North
CUST_02596,Consumer,North
CUST_02597,SMB,North
CUST_02598,SMB,East
CUST_02599,SMB,Central
CUST_02600,Enterprise,Central
CUST_02601,Consumer,North
CUST_02602,Enterprise,East
CUST_02603,Consumer,East
CUST_02604,SMB,North
CUST_02605,Enterprise,South
CUST_02606,SMB,North
CUST_02607,Enterprise,South
CUST_02608,SMB,North
CUST_02609,Consumer,South
CUST_02610,Enterprise,South
CUST_02611,Consumer,North
CUST_02612,Enterprise,South
CUST_02613,SMB,West
CUST_02614,Consumer,Central
CUST_02615,SMB,East
CUST_02616,Enterprise,South
CUST_02617,SMB,South
CUST_02618,SMB,East
CUST_02619,Consumer,South
CUST_02620,SMB,East
CUST_02621,Consumer,North
CUST_02622,Consumer,West
CUST_02623,SMB,West
CUST_02624,Consumer,Central
CUST_02625,SMB,South
CUST_02626,Consumer,Central
CUST_02627,Enterprise,North
CUST_02628,Consumer,West
CUST_02629,SMB,North
CUST_02630,SMB,North
CUST_02631,Consumer,South
CUST_02632,Consumer,North
CUST_02633,Enterprise,West
CUST_02634,Enterprise,Central
CUST_02635,Consumer,West
CUST_02636,Consumer,South
CUST_02637,Consumer,West
CUST_02638,Consumer,East
CUST_02639,Consumer,Central
CUST_02640,Consumer,East
CUST_02641,SMB,East
CUST_02642,Enterprise,South
CUST_02643,Consumer,North
CUST_02644,Consumer,East
CUST_02645,Enterprise,West
CUST_02646,SMB,North
CUST_02647,Consumer,West
CUST_02648,SMB,West
CUST_02649,SMB,North
CUST_02650,SMB,North
CUST_02651,SMB,West
CUST_02652,SMB,South
CUST_02653,SMB,Central
CUST_02654,Enterprise,Central
CUST_02655,Consumer,South
CUST_02656,SMB,North
CUST_02657,Consumer,West
CUST_02658,Consumer,Central
CUST_02659,SMB,West
CUST_02660,Consumer,South
CUST_02661,SMB,West
CUST_02662,Consumer,South
CUST_02663,SMB,North
CUST_02664,Consumer,South
CUST_02665,Consumer,South
CUST_02666,SMB,Central
CUST_02667,Enterprise,West
CUST_02668,Consumer,Central
CUST_02669,Consumer,East
CUST_02670,SMB,South
CUST_02671,Consumer,East
CUST_02672,SMB,Central
CUST_02673,Consumer,West
CUST_02674,Enterprise,Central
CUST_02675,Consumer,West
CUST_02676,SMB,West
CUST_02677,SMB,North
CUST_02678,Enterprise,South
CUST_02679,Enterprise,Central
CUST_02680,SMB,West
CUST_02681,SMB,Central
CUST_02682,Consumer,Central
CUST_02683,Enterprise,West
CUST_02684,SMB,East
CUST_02685,SMB,South
CUST_02686,Enterprise,South
CUST_02687,Enterprise,North
CUST_02688,SMB,North
CUST_02689,SMB,North
CUST_02690,SMB,South
CUST_02691,SMB,East
CUST_02692,Consumer,South
CUST_02693,Enterprise,South
CUST_02694,SMB,South
CUST_02695,Consumer,South
CUST_02696,SMB,East
CUST_02697,Consumer,North
CUST_02698,SMB,Central
CUST_02699,Consumer,North
CUST_02700,Consumer,North
CUST_02701,SMB,Central
CUST_02702,Consumer,South
CUST_02703,Enterprise,East
CUST_02704,Enterprise,East
CUST_02705,Consumer,North
CUST_02706,Consumer,Central
CUST_02707,Enterprise,West
CUST_02708,SMB,South
CUST_02709,Enterprise,North
CUST_02710,SMB,East
CUST_02711,Consumer,Central
CUST_02712,SMB,Central
CUST_02713,SMB,North
CUST_02714,SMB,West
CUST_02715,Enterprise,East
CUST_02716,SMB,North
CUST_02717,Consumer,West
CUST_02718,Consumer,Central
CUST_02719,Consumer,South
CUST_02720,Enterprise,East
CUST_02721,Consumer,East
CUST_02722,Consumer,West
CUST_02723,Consumer,North
CUST_02724,SMB,Central
CUST_02725,SMB,West
CUST_02726,SMB,South
CUST_02727,Enterprise,South
CUST_02728,SMB,South
CUST_02729,SMB,West
CUST_02730,SMB,Central
CUST_02731,Consumer,East
CUST_02732,SMB,North
CUST_02733,Enterprise,East
CUST_02734,Consumer,Central
CUST_02735,Consumer,East
CUST_02736,Consumer,West
CUST_02737,Consumer,South
CUST_02738,SMB,Central
CUST_02739,Consumer,Central
CUST_02740,Enterprise,East
CUST_02741,SMB,West
CUST_02742,SMB,East
CUST_02743,Enterprise,East
CUST_02744,Enterprise,Central
CUST_02745,Consumer,East
CUST_02746,Consumer,South
CUST_02747,Consumer,East
CUST_02748,Enterprise,South
CUST_02749,Consumer,Central
CUST_02750,Consumer,West
CUST_02751,SMB,South
CUST_02752,Consumer,West
CUST_02753,SMB,West
CUST_02754,SMB,South
CUST_02755,Consumer,Central
CUST_02756,SMB,North
CUST_02757,SMB,West
CUST_02758,Consumer,West
CUST_02759,Consumer,Central
CUST_02760,Enterprise,Central
CUST_02761,Enterprise,East
CUST_02762,Enterprise,Central
CUST_02763,Consumer,West
CUST_02764,SMB,South
CUST_02765,Enterprise,North
CUST_02766,Consumer,East
CUST_02767,SMB,South
CUST_02768,SMB,North
CUST_02769,SMB,North
CUST_02770,Consumer,North
CUST_02771,Enterprise,South
CUST_02772,SMB,East
CUST_02773,Consumer,East
CUST_02774,SMB,North
CUST_02775,SMB,South
CUST_02776,SMB,North
CUST_02777,Enterprise,Central
CUST_02778,Enterprise,East
CUST_02779,SMB,West
CUST_02780,SMB,North
CUST_02781,Enterprise,Central
CUST_02782,Consumer,East
CUST_02783,Consumer,South
CUST_02784,Consumer,East
CUST_02785,Consumer,South
CUST_02786,SMB,South
CUST_02787,Consumer,North
CUST_02788,Enterprise,North
CUST_02789,Consumer,East
CUST_02790,Consumer,Central
CUST_02791,Consumer,East
CUST_02792,Consumer,West
CUST_02793,Consumer,South
CUST_02794,SMB,South
CUST_02795,SMB,North
CUST_02796,Consumer,Central
CUST_02797,Enterprise,North
CUST_02798,Consumer,West
CUST_02799,Consumer,East
CUST_02800,Enterprise,East
CUST_02801,Consumer,Central
CUST_02802,Consumer,North
CUST_02803,Consumer,North
CUST_02804,Consumer,West
CUST_02805,SMB,East
CUST_02806,Consumer,North
CUST_02807,Consumer,Central
CUST_02808,Enterprise,East
CUST_02809,SMB,West
CUST_02810,Consumer,Central
CUST_02811,SMB,South
CUST_02812,Consumer,West
CUST_02813,Consumer,Central
CUST_02814,Enterprise,North
CUST_02815,Consumer,South
CUST_02816,Consumer,West
CUST_02817,SMB,North
CUST_02818,Enterprise,South
CUST_02819,Enterprise,East
CUST_02820,SMB,North
CUST_02821,Consumer,Central
CUST_02822,SMB,West
CUST_02823,Consumer,South
CUST_02824,SMB,North
CUST_02825,SMB,East
CUST_02826,Consumer,West
CUST_02827,Consumer,West
CUST_02828,Enterprise,North
CUST_02829,SMB,East
CUST_02830,Enterprise,South
CUST_02831,SMB,North
CUST_02832,Consumer,South
CUST_02833,Enterprise,West
CUST_02834,SMB,South
CUST_02835,SMB,East
CUST_02836,Consumer,Central
CUST_02837,Consumer,East
CUST_02838,Enterprise,South
CUST_02839,Consumer,North
CUST_02840,SMB,West
CUST_02841,SMB,Central
CUST_02842,Consumer,North
CUST_02843,Consumer,North
CUST_02844,Consumer,East
CUST_02845,Consumer,South
CUST_02846,SMB,East
CUST_02847,Consumer,South
CUST_02848,SMB,East
CUST_02849,Consumer,North
CUST_02850,SMB,West
CUST_02851,Consumer,South
CUST_02852,SMB,Central
CUST_02853,Enterprise,Central
CUST_02854,Consumer,North
CUST_02855,Enterprise,East
CUST_02856,SMB,East
CUST_02857,SMB,North
CUST_02858,Enterprise,Central
CUST_02859,Enterprise,Central
CUST_02860,Enterprise,East
CUST_02861,Consumer,South
CUST_02862,SMB,West
CUST_02863,Consumer,South
CUST_02864,Consumer,Central
CUST_02865,SMB,South
CUST_02866,Consumer,West
CUST_02867,SMB,South
CUST_02868,Consumer,South
CUST_02869,SMB,South
CUST_02870,SMB,South
CUST_02871,Consumer,North
CUST_02872,Consumer,Central
CUST_02873,Consumer,West
CUST_02874,SMB,Central
CUST_02875,Consumer,North
CUST_02876,SMB,North
CUST_02877,SMB,North
CUST_02878,SMB,North
CUST_02879,Consumer,South
CUST_02880,Enterprise,Central
CUST_02881,SMB,East
CUST_02882,Consumer,West
CUST_02883,SMB,North
CUST_02884,Enterprise,Central
CUST_02885,Enterprise,North
CUST_02886,Consumer,North
CUST_02887,SMB,North
CUST_02888,SMB,North
CUST_02889,Consumer,North
CUST_02890,Consumer,West
CUST_02891,SMB,Central
CUST_02892,Consumer,North
CUST_02893,Consumer,North
CUST_02894,Consumer,North
CUST_02895,Enterprise,North
CUST_02896,Consumer,South
CUST_02897,SMB,South
CUST_02898,SMB,East
CUST_02899,SMB,North
CUST_02900,Enterprise,East
CUST_02901,Enterprise,West
CUST_02902,Consumer,East
CUST_02903,Enterprise,Central
CUST_02904,SMB,South
CUST_02905,SMB,South
CUST_02906,Enterprise,North
CUST_02907,Consumer,North
CUST_02908,SMB,West
CUST_02909,SMB,West
CUST_02910,SMB,Central
CUST_02911,SMB,North
CUST_02912,Enterprise,North
CUST_02913,Consumer,West
CUST_02914,Consumer,West
CUST_02915,SMB,West
CUST_02916,Consumer,South
CUST_02917,Consumer,East
CUST_02918,Consumer,East
CUST_02919,SMB,North
CUST_02920,SMB,South
CUST_02921,SMB,West
CUST_02922,Consumer,North
CUST_02923,Consumer,South
CUST_02924,Enterprise,Central
CUST_02925,SMB,South
CUST_02926,Consumer,North
CUST_02927,Consumer,East
CUST_02928,Consumer,West
CUST_02929,Consumer,Central
CUST_02930,SMB,South
CUST_02931,Consumer,North
CUST_02932,Consumer,North
CUST_02933,Enterprise,West
CUST_02934,SMB,North
CUST_02935,Consumer,North
CUST_02936,Enterprise,West
CUST_02937,Consumer,Central
CUST_02938,Consumer,East
CUST_02939,Consumer,East
CUST_02940,Enterprise,South
CUST_02941,SMB,Central
CUST_02942,Consumer,South
CUST_02943,SMB,East
CUST_02944,Consumer,West
CUST_02945,Consumer,North
CUST_02946,Enterprise,East
CUST_02947,SMB,Central
CUST_02948,SMB,East
CUST_02949,SMB,Central
CUST_02950,Consumer,Central
CUST_02951,Consumer,Central
CUST_02952,Consumer,South
CUST_02953,Consumer,West
CUST_02954,SMB,East
CUST_02955,Consumer,West
CUST_02956,Consumer,North
CUST_02957,Consumer,East
CUST_02958,Consumer,West
CUST_02959,SMB,West
CUST_02960,Consumer,North
CUST_02961,Enterprise,Central
CUST_02962,SMB,East
CUST_02963,SMB,East
CUST_02964,Consumer,North
CUST_02965,Consumer,Central
CUST_02966,Consumer,East
CUST_02967,Consumer,East
CUST_02968,Consumer,East
CUST_02969,Consumer,Central
CUST_02970,SMB,North
CUST_02971,SMB,East
CUST_02972,Enterprise,West
CUST_02973,Consumer,Central
CUST_02974,Consumer,South
CUST_02975,SMB,North
CUST_02976,Enterprise,West
CUST_02977,Consumer,East
CUST_02978,Enterprise,South
CUST_02979,Consumer,North
CUST_02980,Consumer,Central
CUST_02981,SMB,South
CUST_02982,SMB,South
CUST_02983,Consumer,West
CUST_02984,Consumer,North
CUST_02985,SMB,West
CUST_02986,Consumer,West
CUST_02987,Enterprise,East
CUST_02988,SMB,Central
CUST_02989,Consumer,South
CUST_02990,Consumer,North
CUST_02991,Enterprise,Central
CUST_02992,Consumer,Central
CUST_02993,Consumer,North
CUST_02994,SMB,Central
CUST_02995,Enterprise,East
CUST_02996,Consumer,Central
CUST_02997,Enterprise,East
CUST_02998,SMB,South
CUST_02999,SMB,South
CUST_03000,Consumer,West
CUST_03001,Consumer,East
CUST_03002,Consumer,South
CUST_03003,SMB,Central
CUST_03004,Consumer,North
CUST_03005,Consumer,North
CUST_03006,Consumer,East
CUST_03007,Consumer,West
CUST_03008,Enterprise,Central
CUST_03009,Consumer,East
CUST_03010,Enterprise,North
CUST_03011,SMB,East
CUST_03012,SMB,Central
CUST_03013,SMB,South
CUST_03014,SMB,Central
CUST_03015,Consumer,South
CUST_03016,SMB,South
CUST_03017,Consumer,South
CUST_03018,SMB,East
CUST_03019,Enterprise,North
CUST_03020,Consumer,East
CUST_03021,SMB,North
CUST_03022,SMB,Central
CUST_03023,Consumer,West
CUST_03024,SMB,Central
CUST_03025,Enterprise,East
CUST_03026,SMB,East
CUST_03027,Consumer,North
CUST_03028,Consumer,East
CUST_03029,Consumer,South
CUST_03030,Consumer,East
CUST_03031,Enterprise,North
CUST_03032,SMB,North
CUST_03033,Consumer,South
CUST_03034,Enterprise,North
CUST_03035,SMB,West
CUST_03036,SMB,Central
CUST_03037,SMB,East
CUST_03038,Consumer,West
CUST_03039,Enterprise,East
CUST_03040,SMB,West
CUST_03041,Enterprise,East
CUST_03042,Consumer,South
CUST_03043,Enterprise,North
CUST_03044,SMB,North
CUST_03045,Consumer,South
CUST_03046,Consumer,West
CUST_03047,SMB,Central
CUST_03048,SMB,West
CUST_03049,SMB,North
CUST_03050,SMB,Central
CUST_03051,SMB,East
CUST_03052,SMB,Central
CUST_03053,SMB,West
CUST_03054,SMB,South
CUST_03055,Consumer,East
CUST_03056,Consumer,West
CUST_03057,Consumer,East
CUST_03058,Enterprise,Central
CUST_03059,Enterprise,North
CUST_03060,Consumer,West
CUST_03061,SMB,South
CUST_03062,Enterprise,Central
CUST_03063,Consumer,West
CUST_03064,Consumer,South
CUST_03065,Consumer,West
CUST_03066,SMB,Central
CUST_03067,Enterprise,West
CUST_03068,Consumer,East
CUST_03069,SMB,Central
CUST_03070,Consumer,West
CUST_03071,Consumer,North
CUST_03072,Consumer,West
CUST_03073,SMB,East
CUST_03074,SMB,South
CUST_03075,Consumer,South
CUST_03076,Consumer,South
CUST_03077,Consumer,North
CUST_03078,Enterprise,East
CUST_03079,Enterprise,Central
CUST_03080,Consumer,South
CUST_03081,Consumer,East
CUST_03082,Consumer,West
CUST_03083,SMB,North
CUST_03084,Consumer,East
CUST_03085,Consumer,East
CUST_03086,Consumer,Central
CUST_03087,SMB,East
CUST_03088,Enterprise,Central
CUST_03089,Consumer,North
CUST_03090,SMB,North
CUST_03091,SMB,West
CUST_03092,Consumer,Central
CUST_03093,SMB,Central
CUST_03094,Consumer,South
CUST_03095,Enterprise,South
CUST_03096,Consumer,West
CUST_03097,Consumer,North
CUST_03098,Enterprise,South
CUST_03099,Enterprise,East
CUST_03100,SMB,North
CUST_03101,Enterprise,East
CUST_03102,Consumer,Central
CUST_03103,Consumer,North
CUST_03104,SMB,West
CUST_03105,SMB,Central
CUST_03106,SMB,Central
CUST_03107,Consumer,East
CUST_03108,Enterprise,Central
CUST_03109,Consumer,South
CUST_03110,Consumer,North
CUST_03111,Consumer,South
CUST_03112,SMB,East
CUST_03113,Consumer,East
CUST_03114,Enterprise,North
CUST_03115,Enterprise,Central
CUST_03116,Consumer,West
CUST_03117,Consumer,East
CUST_03118,Enterprise,North
CUST_03119,SMB,West
CUST_03120,SMB,Central
CUST_03121,SMB,East
CUST_03122,SMB,North
CUST_03123,Enterprise,North
CUST_03124,SMB,North
CUST_03125,Consumer,East
CUST_03126,Consumer,West
CUST_03127,Consumer,North
CUST_03128,Enterprise,Central
CUST_03129,Consumer,North
CUST_03130,Consumer,West
CUST_03131,Consumer,East
CUST_03132,Consumer,North
CUST_03133,Consumer,North
CUST_03134,SMB,Central
CUST_03135,SMB,Central
CUST_03136,Consumer,North
CUST_03137,Consumer,North
CUST_03138,Consumer,Central
CUST_03139,SMB,West
CUST_03140,Enterprise,South
CUST_03141,SMB,South
CUST_03142,Consumer,North
CUST_03143,Consumer,Central
CUST_03144,SMB,East
CUST_03145,SMB,East
CUST_03146,SMB,South
CUST_03147,Consumer,West
CUST_03148,Consumer,South
CUST_03149,Consumer,North
CUST_03150,SMB,West
CUST_03151,Consumer,East
CUST_03152,SMB,Central
CUST_03153,Consumer,Central
CUST_03154,SMB,North
CUST_03155,SMB,South
CUST_03156,Consumer,North
CUST_03157,Consumer,Central
CUST_03158,Enterprise,East
CUST_03159,Consumer,Central
CUST_03160,SMB,West
CUST_03161,SMB,Central
CUST_03162,Enterprise,Central
CUST_03163,SMB,West
CUST_03164,SMB,South
CUST_03165,Enterprise,Central
CUST_03166,SMB,North
CUST_03167,Consumer,Central
CUST_03168,Enterprise,North
CUST_03169,Consumer,West
CUST_03170,SMB,Central
CUST_03171,Consumer,West
CUST_03172,SMB,West
CUST_03173,Enterprise,South
CUST_03174,Enterprise,Central
CUST_03175,Enterprise,North
CUST_03176,Enterprise,North
CUST_03177,Consumer,Central
CUST_03178,Consumer,South
CUST_03179,Consumer,South
CUST_03180,Consumer,South
CUST_03181,Enterprise,North
CUST_03182,SMB,West
CUST_03183,SMB,South
CUST_03184,SMB,North
CUST_03185,SMB,North
CUST_03186,SMB,West
CUST_03187,SMB,Central
CUST_03188,SMB,Central
CUST_03189,Consumer,South
CUST_03190,Consumer,South
CUST_03191,SMB,West
CUST_03192,Consumer,South
CUST_03193,Consumer,West
CUST_03194,SMB,North
CUST_03195,SMB,South
CUST_03196,SMB,North
CUST_03197,Consumer,East
CUST_03198,Consumer,West
CUST_03199,Enterprise,East
CUST_03200,SMB,South
CUST_03201,Consumer,North
CUST_03202,SMB,South
CUST_03203,Enterprise,East
CUST_03204,Consumer,South
CUST_03205,Consumer,Central
CUST_03206,Consumer,East
CUST_03207,Consumer,South
CUST_03208,Consumer,North
CUST_03209,SMB,South
CUST_03210,Consumer,North
CUST_03211,Enterprise,Central
CUST_03212,Consumer,South
CUST_03213,Enterprise,Central
CUST_03214,Consumer,East
CUST_03215,SMB,North
CUST_03216,Enterprise,East
CUST_03217,Enterprise,North
CUST_03218,Enterprise,Central
CUST_03219,Consumer,West
CUST_03220,Consumer,South
CUST_03221,SMB,Central
CUST_03222,Enterprise,North
CUST_03223,Enterprise,North
CUST_03224,Enterprise,North
CUST_03225,Enterprise,North
CUST_03226,Consumer,South
CUST_03227,SMB,East
CUST_03228,SMB,West
CUST_03229,Enterprise,South
CUST_03230,SMB,North
CUST_03231,SMB,South
CUST_03232,Consumer,Central
CUST_03233,SMB,North
CUST_03234,Enterprise,West
CUST_03235,SMB,North
CUST_03236,SMB,West
CUST_03237,SMB,West
CUST_03238,Consumer,East
CUST_03239,Consumer,East
CUST_03240,Consumer,South
CUST_03241,SMB,South
CUST_03242,SMB,West
CUST_03243,SMB,North
CUST_03244,Consumer,Central
CUST_03245,Consumer,Central
CUST_03246,Enterprise,North
CUST_03247,SMB,North
CUST_03248,SMB,East
CUST_03249,Consumer,Central
CUST_03250,Consumer,West
CUST_03251,SMB,South
CUST_03252,Enterprise,East
CUST_03253,Consumer,Central
CUST_03254,Enterprise,North
CUST_03255,SMB,Central
CUST_03256,Enterprise,West
CUST_03257,Consumer,East
CUST_03258,SMB,North
CUST_03259,SMB,West
CUST_03260,Consumer,South
CUST_03261,SMB,East
CUST_03262,SMB,West
CUST_03263,SMB,West
CUST_03264,Enterprise,North
CUST_03265,Consumer,South
CUST_03266,Enterprise,West
CUST_03267,SMB,East
CUST_03268,Consumer,West
CUST_03269,Consumer,Central
CUST_03270,Consumer,East
CUST_03271,SMB,East
CUST_03272,Enterprise,West
CUST_03273,Consumer,North
CUST_03274,SMB,East
CUST_03275,Consumer,Central
CUST_03276,Consumer,North
CUST_03277,Consumer,North
CUST_03278,SMB,North
CUST_03279,SMB,East
CUST_03280,Consumer,North
CUST_03281,SMB,West
CUST_03282,Enterprise,North
CUST_03283,Consumer,Central
CUST_03284,Consumer,South
CUST_03285,SMB,Central
CUST_03286,Enterprise,East
CUST_03287,SMB,North
CUST_03288,Consumer,North
CUST_03289,Consumer,West
CUST_03290,SMB,North
CUST_03291,Enterprise,Central
CUST_03292,Consumer,East
CUST_03293,SMB,South
CUST_03294,SMB,North
CUST_03295,Consumer,South
CUST_03296,Enterprise,North
CUST_03297,Consumer,East
CUST_03298,Enterprise,Central
CUST_03299,SMB,East
CUST_03300,Consumer,South
CUST_03301,SMB,North
CUST_03302,Consumer,South
CUST_03303,Consumer,Central
CUST_03304,SMB,East
CUST_03305,SMB,South
CUST_03306,SMB,South
CUST_03307,SMB,Central
CUST_03308,Enterprise,North
CUST_03309,SMB,South
CUST_03310,SMB,Central
CUST_03311,Consumer,North
CUST_03312,Consumer,North
CUST_03313,Consumer,East
CUST_03314,Enterprise,Central
CUST_03315,SMB,North
CUST_03316,Consumer,East
CUST_03317,SMB,West
CUST_03318,Enterprise,Central
CUST_03319,Consumer,West
CUST_03320,Consumer,North
CUST_03321,SMB,Central
CUST_03322,Enterprise,East
CUST_03323,Consumer,North
CUST_03324,Consumer,Central
CUST_03325,Consumer,Central
CUST_03326,Consumer,West
CUST_03327,Consumer,North
CUST_03328,SMB,East
CUST_03329,Enterprise,East
CUST_03330,Consumer,North
CUST_03331,Consumer,North
CUST_03332,Consumer,South
CUST_03333,Enterprise,West
CUST_03334,Enterprise,North
CUST_03335,Consumer,North
CUST_03336,Consumer,South
CUST_03337,Consumer,South
CUST_03338,Consumer,Central
CUST_03339,Consumer,East
CUST_03340,Consumer,West
CUST_03341,Consumer,Central
CUST_03342,Consumer,North
CUST_03343,Consumer,South
CUST_03344,Enterprise,East
CUST_03345,SMB,Central
CUST_03346,Consumer,East
CUST_03347,SMB,South
CUST_03348,SMB,Central
CUST_03349,SMB,Central
CUST_03350,SMB,East
CUST_03351,SMB,South
CUST_03352,SMB,North
CUST_03353,Consumer,Central
CUST_03354,SMB,North
CUST_03355,Enterprise,South
CUST_03356,Enterprise,Central
CUST_03357,Consumer,Central
CUST_03358,SMB,North
CUST_03359,Consumer,West
CUST_03360,Consumer,North
CUST_03361,Consumer,North
CUST_03362,SMB,West
CUST_03363,Consumer,South
CUST_03364,SMB,South
CUST_03365,Consumer,Central
CUST_03366,Consumer,East
CUST_03367,SMB,East
CUST_03368,SMB,Central
CUST_03369,Enterprise,East
CUST_03370,Consumer,North
CUST_03371,SMB,North
CUST_03372,Consumer,West
CUST_03373,SMB,West
CUST_03374,Consumer,Central
CUST_03375,Consumer,Central
CUST_03376,Consumer,Central
CUST_03377,Consumer,North
CUST_03378,Enterprise,East
CUST_03379,Enterprise,Central
CUST_03380,Consumer,Central
CUST_03381,SMB,North
CUST_03382,SMB,North
CUST_03383,Enterprise,North
CUST_03384,SMB,East
CUST_03385,Enterprise,Central
CUST_03386,Consumer,South
CUST_03387,SMB,South
CUST_03388,Consumer,Central
CUST_03389,Enterprise,Central
CUST_03390,Consumer,Central
CUST_03391,SMB,Central
CUST_03392,Consumer,East
CUST_03393,Consumer,South
CUST_03394,SMB,West
CUST_03395,Consumer,South
CUST_03396,Consumer,South
CUST_03397,Consumer,North
CUST_03398,Consumer,Central
CUST_03399,SMB,Central
CUST_03400,Consumer,Central
CUST_03401,Enterprise,North
CUST_03402,Enterprise,East
CUST_03403,Consumer,East
CUST_03404,SMB,West
CUST_03405,Consumer,East
CUST_03406,Consumer,East
CUST_03407,Consumer,Central
CUST_03408,Consumer,South
CUST_03409,SMB,East
CUST_03410,Enterprise,East
CUST_03411,SMB,North
CUST_03412,Enterprise,West
CUST_03413,Enterprise,North
CUST_03414,SMB,Central
CUST_03415,Consumer,South
CUST_03416,Consumer,West
CUST_03417,SMB,North
CUST_03418,Consumer,East
CUST_03419,SMB,East
CUST_03420,Enterprise,West
CUST_03421,Consumer,East
CUST_03422,Consumer,North
CUST_03423,Consumer,North
CUST_03424,Enterprise,East
CUST_03425,Consumer,East
CUST_03426,Consumer,Central
CUST_03427,Consumer,South
CUST_03428,Consumer,West
CUST_03429,Consumer,North
CUST_03430,Consumer,West
CUST_03431,Consumer,Central
CUST_03432,Consumer,North
CUST_03433,Consumer,Central
CUST_03434,SMB,Central
CUST_03435,Consumer,East
CUST_03436,SMB,West
CUST_03437,SMB,West
CUST_03438,Consumer,East
CUST_03439,Consumer,West
CUST_03440,Consumer,East
CUST_03441,SMB,North
CUST_03442,SMB,Central
CUST_03443,SMB,Central
CUST_03444,Consumer,West
CUST_03445,Consumer,South
CUST_03446,Consumer,Central
CUST_03447,Consumer,East
CUST_03448,Consumer,South
CUST_03449,Consumer,South
CUST_03450,Enterprise,Central
CUST_03451,SMB,Central
CUST_03452,Consumer,Central
CUST_03453,Consumer,East
CUST_03454,SMB,South
CUST_03455,Consumer,West
CUST_03456,Enterprise,East
CUST_03457,SMB,North
CUST_03458,Consumer,Central
CUST_03459,Consumer,South
CUST_03460,Consumer,East
CUST_03461,SMB,North
CUST_03462,Enterprise,East
CUST_03463,Consumer,East
CUST_03464,Consumer,West
CUST_03465,Enterprise,West
CUST_03466,Consumer,East
CUST_03467,SMB,North
CUST_03468,Consumer,South
CUST_03469,Consumer,South
CUST_03470,Enterprise,Central
CUST_03471,Enterprise,Central
CUST_03472,Consumer,South
CUST_03473,Consumer,East
CUST_03474,Consumer,East
CUST_03475,Consumer,West
CUST_03476,Consumer,West
CUST_03477,Consumer,Central
CUST_03478,SMB,South
CUST_03479,SMB,East
CUST_03480,SMB,South
CUST_03481,Enterprise,North
CUST_03482,Consumer,South
CUST_03483,SMB,North
CUST_03484,Consumer,West
CUST_03485,Consumer,West
CUST_03486,Consumer,Central
CUST_03487,SMB,South
CUST_03488,Enterprise,South
CUST_03489,Enterprise,North
CUST_03490,SMB,West
CUST_03491,Enterprise,North
CUST_03492,Consumer,West
CUST_03493,Consumer,North
CUST_03494,Consumer,West
CUST_03495,Consumer,North
CUST_03496,SMB,West
CUST_03497,Consumer,North
CUST_03498,Consumer,South
CUST_03499,Enterprise,Central
CUST_03500,Consumer,North
CUST_03501,SMB,Central
CUST_03502,Consumer,South
CUST_03503,Consumer,South
CUST_03504,Enterprise,West
CUST_03505,Consumer,Central
CUST_03506,Consumer,East
CUST_03507,Consumer,West
CUST_03508,SMB,Central
CUST_03509,Consumer,North
CUST_03510,Enterprise,North
CUST_03511,SMB,South
CUST_03512,Enterprise,East
CUST_03513,Consumer,North
CUST_03514,Consumer,Central
CUST_03515,Consumer,Central
CUST_03516,Consumer,North
CUST_03517,Enterprise,Central
CUST_03518,SMB,Central
CUST_03519,Enterprise,South
CUST_03520,SMB,East
CUST_03521,SMB,South
CUST_03522,SMB,East
CUST_03523,SMB,Central
CUST_03524,Enterprise,East
CUST_03525,Enterprise,Central
CUST_03526,Enterprise,Central
CUST_03527,Consumer,South
CUST_03528,Consumer,South
CUST_03529,Consumer,West
CUST_03530,SMB,North
CUST_03531,SMB,West
CUST_03532,Consumer,West
CUST_03533,SMB,East
CUST_03534,SMB,Central
CUST_03535,SMB,Central
CUST_03536,Enterprise,Central
CUST_03537,SMB,North
CUST_03538,SMB,East
CUST_03539,Consumer,East
CUST_03540,Enterprise,Central
CUST_03541,SMB,West
CUST_03542,Consumer,North
CUST_03543,Enterprise,West
CUST_03544,SMB,South
CUST_03545,Consumer,East
CUST_03546,Enterprise,East
CUST_03547,Enterprise,West
CUST_03548,SMB,North
CUST_03549,SMB,East
CUST_03550,Consumer,West
CUST_03551,Consumer,North
CUST_03552,Enterprise,West
CUST_03553,Consumer,North
CUST_03554,SMB,Central
CUST_03555,Enterprise,North
CUST_03556,Consumer,South
CUST_03557,SMB,Central
CUST_03558,SMB,West
CUST_03559,Enterprise,Central
CUST_03560,SMB,Central
CUST_03561,SMB,West
CUST_03562,Consumer,West
CUST_03563,Enterprise,South
CUST_03564,SMB,West
CUST_03565,SMB,East
CUST_03566,Consumer,East
CUST_03567,Consumer,South
CUST_03568,Consumer,North
CUST_03569,Consumer,North
CUST_03570,Consumer,East
CUST_03571,SMB,West
CUST_03572,SMB,South
CUST_03573,Consumer,North
CUST_03574,Consumer,North
CUST_03575,Consumer,Central
CUST_03576,SMB,East
CUST_03577,Enterprise,West
CUST_03578,SMB,South
CUST_03579,Consumer,North
CUST_03580,SMB,Central
CUST_03581,SMB,East
CUST_03582,Consumer,East
CUST_03583,SMB,South
CUST_03584,Consumer,North
CUST_03585,SMB,South
CUST_03586,SMB,South
CUST_03587,SMB,Central
CUST_03588,Consumer,East
CUST_03589,Enterprise,West
CUST_03590,Enterprise,East
CUST_03591,Consumer,East
CUST_03592,Enterprise,Central
CUST_03593,Consumer,West
CUST_03594,Consumer,North
CUST_03595,SMB,West
CUST_03596,Consumer,North
CUST_03597,SMB,West
CUST_03598,Consumer,South
CUST_03599,SMB,West
CUST_03600,Consumer,Central
CUST_03601,Enterprise,North
CUST_03602,Consumer,East
CUST_03603,Enterprise,Central
CUST_03604,SMB,North
CUST_03605,SMB,North
CUST_03606,Enterprise,East
CUST_03607,Consumer,South
CUST_03608,SMB,Central
CUST_03609,Consumer,East
CUST_03610,Consumer,East
CUST_03611,Consumer,South
CUST_03612,Enterprise,Central
CUST_03613,SMB,East
CUST_03614,Consumer,South
CUST_03615,SMB,Central
CUST_03616,Enterprise,West
CUST_03617,Consumer,North
CUST_03618,Consumer,South
CUST_03619,Consumer,North
CUST_03620,Enterprise,West
CUST_03621,Consumer,East
CUST_03622,SMB,East
CUST_03623,SMB,Central
CUST_03624,Consumer,South
CUST_03625,SMB,South
CUST_03626,SMB,Central
CUST_03627,Enterprise,North
CUST_03628,Consumer,East
CUST_03629,Consumer,East
CUST_03630,Consumer,South
CUST_03631,Consumer,South
CUST_03632,Enterprise,Central
CUST_03633,SMB,West
CUST_03634,SMB,North
CUST_03635,Enterprise,West
CUST_03636,SMB,West
CUST_03637,Consumer,South
CUST_03638,Enterprise,South
CUST_03639,SMB,South
CUST_03640,SMB,West
CUST_03641,SMB,North
CUST_03642,Consumer,South
CUST_03643,SMB,East
CUST_03644,SMB,North
CUST_03645,Consumer,East
CUST_03646,Enterprise,North
CUST_03647,SMB,South
CUST_03648,SMB,Central
CUST_03649,Consumer,South
CUST_03650,Consumer,West
CUST_03651,Consumer,West
CUST_03652,SMB,North
CUST_03653,Consumer,West
CUST_03654,Enterprise,South
CUST_03655,Enterprise,East
CUST_03656,SMB,South
CUST_03657,SMB,North
CUST_03658,SMB,West
CUST_03659,Consumer,East
CUST_03660,Consumer,Central
CUST_03661,SMB,East
CUST_03662,SMB,East
CUST_03663,Enterprise,South
CUST_03664,Enterprise,Central
CUST_03665,Consumer,North
CUST_03666,SMB,North
CUST_03667,Consumer,East
CUST_03668,Enterprise,East
CUST_03669,Enterprise,West
CUST_03670,SMB,Central
CUST_03671,SMB,East
CUST_03672,Enterprise,West
CUST_03673,Consumer,Central
CUST_03674,Enterprise,North
CUST_03675,Consumer,West
CUST_03676,SMB,Central
CUST_03677,Enterprise,West
CUST_03678,SMB,East
CUST_03679,Consumer,South
CUST_03680,SMB,North
CUST_03681,Consumer,East
CUST_03682,Enterprise,East
CUST_03683,Consumer,Central
CUST_03684,SMB,West
CUST_03685,Consumer,North
CUST_03686,Consumer,East
CUST_03687,Consumer,Central
CUST_03688,SMB,North
CUST_03689,Enterprise,West
CUST_03690,Enterprise,East
CUST_03691,Consumer,East
CUST_03692,SMB,East
CUST_03693,Consumer,North
CUST_03694,SMB,North
CUST_03695,SMB,North
CUST_03696,Enterprise,North
CUST_03697,Consumer,Central
CUST_03698,Consumer,South
CUST_03699,Consumer,Central
CUST_03700,SMB,East
CUST_03701,Consumer,Central
CUST_03702,Consumer,West
CUST_03703,SMB,North
CUST_03704,Consumer,West
CUST_03705,Consumer,West
CUST_03706,Consumer,East
CUST_03707,Consumer,North
CUST_03708,SMB,West
CUST_03709,SMB,East
CUST_03710,Consumer,North
CUST_03711,Enterprise,South
CUST_03712,Consumer,East
CUST_03713,Consumer,Central
CUST_03714,Consumer,North
CUST_03715,Consumer,West
CUST_03716,SMB,West
CUST_03717,SMB,Central
CUST_03718,Enterprise,Central
CUST_03719,SMB,West
CUST_03720,SMB,North
CUST_03721,SMB,East
CUST_03722,Consumer,Central
CUST_03723,Consumer,Central
CUST_03724,Enterprise,Central
CUST_03725,SMB,South
CUST_03726,Consumer,North
CUST_03727,Enterprise,North
CUST_03728,Enterprise,North
CUST_03729,Enterprise,North
CUST_03730,Consumer,North
CUST_03731,Enterprise,West
CUST_03732,Consumer,Central
CUST_03733,SMB,West
CUST_03734,SMB,South
CUST_03735,SMB,East
CUST_03736,SMB,Central
CUST_03737,Consumer,South
CUST_03738,Consumer,West
CUST_03739,Consumer,East
CUST_03740,Consumer,South
CUST_03741,Consumer,East
CUST_03742,Consumer,South
CUST_03743,Consumer,West
CUST_03744,Enterprise,East
CUST_03745,Enterprise,South
CUST_03746,SMB,West
CUST_03747,Consumer,Central
CUST_03748,SMB,West
CUST_03749,SMB,West
CUST_03750,Consumer,Central
CUST_03751,Consumer,West
CUST_03752,Consumer,Central
CUST_03753,SMB,Central
CUST_03754,Consumer,Central
CUST_03755,SMB,South
CUST_03756,Enterprise,East
CUST_03757,Enterprise,South
CUST_03758,SMB,Central
CUST_03759,SMB,East
CUST_03760,Consumer,East
CUST_03761,Enterprise,Central
CUST_03762,Consumer,East
CUST_03763,SMB,East
CUST_03764,SMB,South
CUST_03765,SMB,East
CUST_03766,SMB,Central
CUST_03767,Consumer,North
CUST_03768,SMB,North
CUST_03769,Enterprise,North
CUST_03770,Enterprise,Central
CUST_03771,SMB,North
CUST_03772,Consumer,South
CUST_03773,SMB,Central
CUST_03774,Consumer,Central
CUST_03775,Consumer,Central
CUST_03776,Consumer,East
CUST_03777,Consumer,East
CUST_03778,Consumer,East
CUST_03779,Consumer,West
CUST_03780,Consumer,South
CUST_03781,SMB,Central
CUST_03782,SMB,Central
CUST_03783,Enterprise,East
CUST_03784,Consumer,Central
CUST_03785,Consumer,Central
CUST_03786,Enterprise,North
CUST_03787,Consumer,Central
CUST_03788,SMB,West
CUST_03789,Enterprise,East
CUST_03790,Consumer,South
CUST_03791,SMB,South
CUST_03792,Enterprise,North
CUST_03793,Consumer,South
CUST_03794,Consumer,South
CUST_03795,Enterprise,East
CUST_03796,Consumer,East
CUST_03797,SMB,West
CUST_03798,Enterprise,North
CUST_03799,Enterprise,South
CUST_03800,Consumer,West
CUST_03801,SMB,North
CUST_03802,Consumer,South
CUST_03803,Consumer,South
CUST_03804,Consumer,East
CUST_03805,SMB,Central
CUST_03806,Consumer,North
CUST_03807,SMB,South
CUST_03808,SMB,North
CUST_03809,Enterprise,West
CUST_03810,Enterprise,West
CUST_03811,Consumer,Central
CUST_03812,SMB,South
CUST_03813,SMB,East
CUST_03814,Consumer,South
CUST_03815,SMB,North
CUST_03816,Consumer,West
CUST_03817,SMB,North
CUST_03818,Consumer,Central
CUST_03819,Consumer,West
CUST_03820,SMB,East
CUST_03821,SMB,West
CUST_03822,SMB,South
CUST_03823,Consumer,South
CUST_03824,SMB,West
CUST_03825,SMB,Central
CUST_03826,Enterprise,South
CUST_03827,SMB,South
CUST_03828,SMB,East
CUST_03829,Consumer,West
CUST_03830,SMB,South
CUST_03831,SMB,Central
CUST_03832,Consumer,North
CUST_03833,Consumer,West
CUST_03834,SMB,East
CUST_03835,SMB,South
CUST_03836,SMB,Central
CUST_03837,Consumer,West
CUST_03838,Enterprise,Central
CUST_03839,Consumer,Central
CUST_03840,Consumer,East
CUST_03841,SMB,West
CUST_03842,Enterprise,South
CUST_03843,SMB,East
CUST_03844,SMB,South
CUST_03845,Enterprise,North
CUST_03846,Consumer,Central
CUST_03847,Consumer,North
CUST_03848,Consumer,Central
CUST_03849,Consumer,East
CUST_03850,Enterprise,South
CUST_03851,SMB,South
CUST_03852,Enterprise,East
CUST_03853,Consumer,West
CUST_03854,Consumer,North
CUST_03855,Consumer,North
CUST_03856,Enterprise,South
CUST_03857,SMB,South
CUST_03858,Consumer,South
CUST_03859,SMB,East
CUST_03860,Consumer,West
CUST_03861,Consumer,North
CUST_03862,Consumer,Central
CUST_03863,SMB,East
CUST_03864,SMB,North
CUST_03865,Enterprise,West
CUST_03866,SMB,East
CUST_03867,SMB,North
CUST_03868,Consumer,East
CUST_03869,Consumer,North
CUST_03870,Enterprise,North
CUST_03871,SMB,West
CUST_03872,Enterprise,Central
CUST_03873,Enterprise,West
CUST_03874,Consumer,North
CUST_03875,Enterprise,East
CUST_03876,SMB,West
CUST_03877,Enterprise,Central
CUST_03878,Consumer,North
CUST_03879,Consumer,West
CUST_03880,SMB,West
CUST_03881,SMB,West
CUST_03882,Consumer,West
CUST_03883,Consumer,East
CUST_03884,SMB,Central
CUST_03885,Consumer,Central
CUST_03886,Consumer,North
CUST_03887,Consumer,South
CUST_03888,Consumer,East
CUST_03889,Consumer,North
CUST_03890,SMB,North
CUST_03891,Consumer,West
CUST_03892,SMB,South
CUST_03893,Consumer,South
CUST_03894,SMB,East
CUST_03895,Consumer,South
CUST_03896,Consumer,North
CUST_03897,Enterprise,South
CUST_03898,Consumer,South
CUST_03899,SMB,Central
CUST_03900,Consumer,North
CUST_03901,SMB,South
CUST_03902,SMB,South
CUST_03903,Consumer,West
CUST_03904,SMB,South
CUST_03905,Consumer,South
CUST_03906,SMB,Central
CUST_03907,SMB,North
CUST_03908,SMB,East
CUST_03909,Consumer,North
CUST_03910,SMB,West
CUST_03911,Enterprise,North
CUST_03912,SMB,South
CUST_03913,Enterprise,West
CUST_03914,Consumer,North
CUST_03915,Consumer,West
CUST_03916,SMB,East
CUST_03917,Consumer,North
CUST_03918,SMB,South
CUST_03919,Consumer,West
CUST_03920,Consumer,Central
CUST_03921,Consumer,West
CUST_03922,SMB,Central
CUST_03923,Consumer,South
CUST_03924,SMB,East
CUST_03925,Consumer,Central
CUST_03926,Enterprise,East
CUST_03927,Consumer,West
CUST_03928,Consumer,South
CUST_03929,Consumer,Central
CUST_03930,Enterprise,West
CUST_03931,Consumer,North
CUST_03932,Enterprise,West
CUST_03933,Consumer,East
CUST_03934,SMB,South
CUST_03935,SMB,South
CUST_03936,SMB,West
CUST_03937,SMB,North
CUST_03938,Enterprise,East
CUST_03939,Enterprise,West
CUST_03940,SMB,West
CUST_03941,Consumer,South
CUST_03942,Consumer,East
CUST_03943,Enterprise,North
CUST_03944,SMB,South
CUST_03945,Enterprise,West
CUST_03946,Enterprise,South
CUST_03947,Consumer,South
CUST_03948,Consumer,Central
CUST_03949,Enterprise,South
CUST_03950,SMB,South
CUST_03951,Enterprise,East
CUST_03952,Consumer,South
CUST_03953,Consumer,North
CUST_03954,Enterprise,West
CUST_03955,SMB,East
CUST_03956,Consumer,South
CUST_03957,Consumer,North
CUST_03958,SMB,West
CUST_03959,Enterprise,East
CUST_03960,Enterprise,North
CUST_03961,Consumer,South
CUST_03962,SMB,Central
CUST_03963,Enterprise,Central
CUST_03964,Consumer,East
CUST_03965,Enterprise,North
CUST_03966,Consumer,West
CUST_03967,SMB,North
CUST_03968,Enterprise,Central
CUST_03969,Consumer,East
CUST_03970,SMB,South
CUST_03971,Consumer,North
CUST_03972,SMB,Central
CUST_03973,SMB,West
CUST_03974,Consumer,East
CUST_03975,SMB,South
CUST_03976,Consumer,North
CUST_03977,SMB,West
CUST_03978,SMB,South
CUST_03979,Enterprise,Central
CUST_03980,SMB,Central
CUST_03981,Consumer,West
CUST_03982,Consumer,Central
CUST_03983,SMB,East
CUST_03984,SMB,West
CUST_03985,Consumer,Central
CUST_03986,Consumer,North
CUST_03987,Enterprise,Central
CUST_03988,SMB,East
CUST_03989,SMB,South
CUST_03990,Consumer,South
CUST_03991,Enterprise,Central
CUST_03992,SMB,South
CUST_03993,Consumer,Central
CUST_03994,Enterprise,East
CUST_03995,SMB,South
CUST_03996,SMB,North
CUST_03997,SMB,Central
CUST_03998,SMB,South
CUST_03999,SMB,East
CUST_04000,Enterprise,East
CUST_04001,Consumer,North
CUST_04002,Consumer,East
CUST_04003,Consumer,East
CUST_04004,Enterprise,South
CUST_04005,Enterprise,Central
CUST_04006,SMB,West
CUST_04007,SMB,East
CUST_04008,SMB,East
CUST_04009,Consumer,West
CUST_04010,Enterprise,East
CUST_04011,Enterprise,South
CUST_04012,SMB,South
CUST_04013,Consumer,West
CUST_04014,Enterprise,East
CUST_04015,Consumer,East
CUST_04016,SMB,Central
CUST_04017,Consumer,East
CUST_04018,Consumer,South
CUST_04019,SMB,North
CUST_04020,SMB,North
CUST_04021,SMB,North
CUST_04022,SMB,North
CUST_04023,Consumer,East
CUST_04024,Consumer,East
CUST_04025,Consumer,Central
CUST_04026,Consumer,East
CUST_04027,SMB,North
CUST_04028,Enterprise,West
CUST_04029,Consumer,West
CUST_04030,SMB,South
CUST_04031,Consumer,South
CUST_04032,SMB,East
CUST_04033,Enterprise,West
CUST_04034,Consumer,North
CUST_04035,Enterprise,North
CUST_04036,Consumer,North
CUST_04037,Consumer,East
CUST_04038,Consumer,East
CUST_04039,Consumer,Central
CUST_04040,Consumer,North
CUST_04041,Consumer,North
CUST_04042,SMB,East
CUST_04043,SMB,East
CUST_04044,Consumer,Central
CUST_04045,SMB,Central
CUST_04046,SMB,South
CUST_04047,SMB,West
CUST_04048,Consumer,North
CUST_04049,Consumer,North
CUST_04050,SMB,Central
CUST_04051,Consumer,Central
CUST_04052,Consumer,South
CUST_04053,Consumer,West
CUST_04054,Consumer,South
CUST_04055,Consumer,West
CUST_04056,Enterprise,North
CUST_04057,Consumer,South
CUST_04058,Enterprise,Central
CUST_04059,Consumer,South
CUST_04060,Consumer,South
CUST_04061,SMB,North
CUST_04062,SMB,Central
CUST_04063,Consumer,Central
CUST_04064,SMB,East
CUST_04065,Consumer,East
CUST_04066,Enterprise,East
CUST_04067,Enterprise,North
CUST_04068,Consumer,South
CUST_04069,Consumer,Central
CUST_04070,Consumer,Central
CUST_04071,SMB,South
CUST_04072,Consumer,Central
CUST_04073,Consumer,South
CUST_04074,Consumer,North
CUST_04075,Consumer,North
CUST_04076,Consumer,North
CUST_04077,SMB,South
CUST_04078,SMB,South
CUST_04079,Consumer,West
CUST_04080,SMB,Central
CUST_04081,Consumer,Central
CUST_04082,SMB,West
CUST_04083,Consumer,West
CUST_04084,Consumer,North
CUST_04085,SMB,West
CUST_04086,Enterprise,South
CUST_04087,Enterprise,East
CUST_04088,Consumer,South
CUST_04089,Consumer,West
CUST_04090,Enterprise,Central
CUST_04091,Consumer,South
CUST_04092,SMB,Central
CUST_04093,SMB,South
CUST_04094,Consumer,Central
CUST_04095,SMB,South
CUST_04096,SMB,Central
CUST_04097,Enterprise,East
CUST_04098,Enterprise,North
CUST_04099,SMB,South
CUST_04100,Enterprise,East
CUST_04101,Consumer,North
CUST_04102,SMB,South
CUST_04103,SMB,East
CUST_04104,Enterprise,East
CUST_04105,SMB,East
CUST_04106,Consumer,West
CUST_04107,Consumer,Central
CUST_04108,Enterprise,North
CUST_04109,Consumer,Central
CUST_04110,Consumer,Central
CUST_04111,Consumer,Central
CUST_04112,SMB,East
CUST_04113,Enterprise,Central
CUST_04114,Enterprise,West
CUST_04115,Consumer,South
CUST_04116,SMB,East
CUST_04117,Consumer,North
CUST_04118,SMB,South
CUST_04119,Enterprise,South
CUST_04120,Consumer,South
CUST_04121,SMB,Central
CUST_04122,SMB,Central
CUST_04123,Consumer,East
CUST_04124,Consumer,Central
CUST_04125,Consumer,Central
CUST_04126,Consumer,Central
CUST_04127,Consumer,East
CUST_04128,Consumer,East
CUST_04129,SMB,West
CUST_04130,Enterprise,West
CUST_04131,SMB,West
CUST_04132,SMB,West
CUST_04133,Consumer,South
CUST_04134,Consumer,South
CUST_04135,Consumer,West
CUST_04136,Enterprise,West
CUST_04137,Consumer,North
CUST_04138,SMB,South
CUST_04139,Consumer,North
CUST_04140,Consumer,North
CUST_04141,SMB,Central
CUST_04142,Enterprise,East
CUST_04143,Enterprise,South
CUST_04144,Consumer,West
CUST_04145,Consumer,West
CUST_04146,Consumer,East
CUST_04147,Enterprise,South
CUST_04148,SMB,West
CUST_04149,Consumer,West
CUST_04150,Consumer,Central
CUST_04151,Enterprise,North
CUST_04152,Enterprise,West
CUST_04153,Consumer,South
CUST_04154,SMB,East
CUST_04155,SMB,Central
CUST_04156,Enterprise,South
CUST_04157,SMB,Central
CUST_04158,Consumer,North
CUST_04159,Consumer,West
CUST_04160,Consumer,South
CUST_04161,SMB,East
CUST_04162,Enterprise,North
CUST_04163,SMB,North
CUST_04164,SMB,Central
CUST_04165,Consumer,North
CUST_04166,SMB,South
CUST_04167,SMB,Central
CUST_04168,Enterprise,North
CUST_04169,SMB,East
CUST_04170,Enterprise,South
CUST_04171,Enterprise,East
CUST_04172,Consumer,East
CUST_04173,SMB,Central
CUST_04174,SMB,West
CUST_04175,Consumer,Central
CUST_04176,Consumer,South
CUST_04177,Consumer,South
CUST_04178,Consumer,Central
CUST_04179,SMB,West
CUST_04180,SMB,Central
CUST_04181,SMB,South
CUST_04182,Consumer,West
CUST_04183,Consumer,South
CUST_04184,SMB,West
CUST_04185,Enterprise,West
CUST_04186,Consumer,Central
CUST_04187,Enterprise,Central
CUST_04188,Consumer,Central
CUST_04189,Consumer,West
CUST_04190,Consumer,West
CUST_04191,Consumer,South
CUST_04192,Consumer,East
CUST_04193,SMB,Central
CUST_04194,Consumer,South
CUST_04195,Consumer,South
CUST_04196,Enterprise,North
CUST_04197,Enterprise,Central
CUST_04198,SMB,South
CUST_04199,SMB,North
CUST_04200,Consumer,Central
CUST_04201,Consumer,West
CUST_04202,Enterprise,North
CUST_04203,Enterprise,West
CUST_04204,Consumer,East
CUST_04205,Enterprise,East
CUST_04206,SMB,East
CUST_04207,Consumer,East
CUST_04208,SMB,South
CUST_04209,Enterprise,East
CUST_04210,Enterprise,South
CUST_04211,Enterprise,South
CUST_04212,Consumer,Central
CUST_04213,SMB,South
CUST_04214,SMB,South
CUST_04215,Consumer,East
CUST_04216,Consumer,South
CUST_04217,Enterprise,West
CUST_04218,SMB,East
CUST_04219,Consumer,North
CUST_04220,SMB,East
CUST_04221,SMB,South
CUST_04222,Consumer,West
CUST_04223,Consumer,East
CUST_04224,Consumer,West
CUST_04225,Consumer,North
CUST_04226,Consumer,North
CUST_04227,SMB,Central
CUST_04228,Consumer,Central
CUST_04229,SMB,East
CUST_04230,Enterprise,Central
CUST_04231,Consumer,West
CUST_04232,Consumer,Central
CUST_04233,SMB,West
CUST_04234,Consumer,Central
CUST_04235,Enterprise,Central
CUST_04236,SMB,Central
CUST_04237,Enterprise,South
CUST_04238,Consumer,South
CUST_04239,Consumer,Central
CUST_04240,SMB,West
CUST_04241,Consumer,East
CUST_04242,SMB,North
CUST_04243,Consumer,South
CUST_04244,SMB,Central
CUST_04245,SMB,North
CUST_04246,Consumer,South
CUST_04247,SMB,East
CUST_04248,Enterprise,West
CUST_04249,Consumer,Central
CUST_04250,Consumer,East
CUST_04251,SMB,South
CUST_04252,Enterprise,Central
CUST_04253,SMB,North
CUST_04254,SMB,West
CUST_04255,Enterprise,South
CUST_04256,Consumer,West
CUST_04257,Consumer,Central
CUST_04258,SMB,East
CUST_04259,SMB,West
CUST_04260,SMB,North
CUST_04261,Enterprise,South
CUST_04262,Consumer,North
CUST_04263,SMB,West
CUST_04264,SMB,East
CUST_04265,Consumer,East
CUST_04266,SMB,North
CUST_04267,Consumer,Central
CUST_04268,Enterprise,Central
CUST_04269,Consumer,East
CUST_04270,Consumer,North
CUST_04271,Consumer,North
CUST_04272,Consumer,North
CUST_04273,Enterprise,West
CUST_04274,SMB,Central
CUST_04275,Consumer,Central
CUST_04276,Consumer,West
CUST_04277,SMB,South
CUST_04278,SMB,West
CUST_04279,Enterprise,North
CUST_04280,SMB,West
CUST_04281,Enterprise,North
CUST_04282,Consumer,East
CUST_04283,SMB,North
CUST_04284,Enterprise,Central
CUST_04285,Consumer,West
CUST_04286,Consumer,North
CUST_04287,Consumer,South
CUST_04288,Consumer,East
CUST_04289,SMB,South
CUST_04290,Consumer,South
CUST_04291,SMB,South
CUST_04292,Enterprise,East
CUST_04293,Consumer,East
CUST_04294,Consumer,East
CUST_04295,SMB,East
CUST_04296,SMB,South
CUST_04297,Enterprise,Central
CUST_04298,Enterprise,Central
CUST_04299,SMB,East
CUST_04300,Consumer,West
CUST_04301,Enterprise,North
CUST_04302,Consumer,West
CUST_04303,Consumer,West
CUST_04304,Consumer,West
CUST_04305,Consumer,Central
CUST_04306,Enterprise,North
CUST_04307,SMB,West
CUST_04308,Consumer,East
CUST_04309,Consumer,Central
CUST_04310,Consumer,East
CUST_04311,SMB,East
CUST_04312,Consumer,West
CUST_04313,Enterprise,East
CUST_04314,Consumer,North
CUST_04315,Consumer,East
CUST_04316,Enterprise,West
CUST_04317,Consumer,East
CUST_04318,Enterprise,Central
CUST_04319,SMB,Central
CUST_04320,SMB,Central
CUST_04321,Consumer,South
CUST_04322,Consumer,Central
CUST_04323,Consumer,Central
CUST_04324,SMB,South
CUST_04325,Consumer,Central
CUST_04326,Consumer,West
CUST_04327,Enterprise,Central
CUST_04328,Consumer,Central
CUST_04329,Enterprise,South
CUST_04330,Consumer,West
CUST_04331,SMB,East
CUST_04332,Enterprise,North
CUST_04333,SMB,West
CUST_04334,Consumer,East
CUST_04335,SMB,West
CUST_04336,Enterprise,East
CUST_04337,Consumer,East
CUST_04338,Consumer,West
CUST_04339,SMB,South
CUST_04340,SMB,West
CUST_04341,SMB,West
CUST_04342,Enterprise,East
CUST_04343,Consumer,North
CUST_04344,Consumer,East
CUST_04345,Consumer,Central
CUST_04346,SMB,West
CUST_04347,Consumer,West
CUST_04348,Consumer,South
CUST_04349,Consumer,East
CUST_04350,Consumer,South
CUST_04351,Consumer,West
CUST_04352,Consumer,East
CUST_04353,SMB,East
CUST_04354,Consumer,Central
CUST_04355,SMB,Central
CUST_04356,Consumer,North
CUST_04357,SMB,Central
CUST_04358,Consumer,East
CUST_04359,Consumer,Central
CUST_04360,Enterprise,North
CUST_04361,Enterprise,West
CUST_04362,Consumer,Central
CUST_04363,Consumer,East
CUST_04364,SMB,West
CUST_04365,SMB,East
CUST_04366,Consumer,West
CUST_04367,Enterprise,East
CUST_04368,SMB,Central
CUST_04369,Enterprise,Central
CUST_04370,Enterprise,North
CUST_04371,SMB,West
CUST_04372,SMB,North
CUST_04373,Enterprise,South
CUST_04374,SMB,Central
CUST_04375,SMB,West
CUST_04376,SMB,North
CUST_04377,SMB,North
CUST_04378,Consumer,South
CUST_04379,Enterprise,North
CUST_04380,SMB,East
CUST_04381,Enterprise,Central
CUST_04382,Enterprise,North
CUST_04383,Consumer,North
CUST_04384,Consumer,South
CUST_04385,Consumer,East
CUST_04386,Consumer,North
CUST_04387,Consumer,Central
CUST_04388,Enterprise,Central
CUST_04389,Enterprise,North
CUST_04390,Enterprise,East
CUST_04391,Enterprise,Central
CUST_04392,SMB,Central
CUST_04393,Consumer,East
CUST_04394,Enterprise,East
CUST_04395,Consumer,North
CUST_04396,Consumer,West
CUST_04397,SMB,South
CUST_04398,Enterprise,West
CUST_04399,Enterprise,West
CUST_04400,Enterprise,Central
CUST_04401,Enterprise,East
CUST_04402,SMB,Central
CUST_04403,SMB,South
CUST_04404,SMB,North
CUST_04405,Consumer,South
CUST_04406,Consumer,Central
CUST_04407,Consumer,Central
CUST_04408,Enterprise,Central
CUST_04409,SMB,Central
CUST_04410,Consumer,West
CUST_04411,Enterprise,North
CUST_04412,Enterprise,West
CUST_04413,Consumer,Central
CUST_04414,Consumer,East
CUST_04415,SMB,West
CUST_04416,SMB,Central
CUST_04417,SMB,Central
CUST_04418,Enterprise,North
CUST_04419,SMB,South
CUST_04420,Enterprise,West
CUST_04421,Enterprise,West
CUST_04422,Consumer,West
CUST_04423,Consumer,Central
CUST_04424,Consumer,North
CUST_04425,SMB,Central
CUST_04426,SMB,Central
CUST_04427,SMB,East
CUST_04428,Enterprise,North
CUST_04429,Enterprise,West
CUST_04430,Consumer,South
CUST_04431,Consumer,West
CUST_04432,SMB,Central
CUST_04433,SMB,North
CUST_04434,Consumer,North
CUST_04435,Enterprise,North
CUST_04436,SMB,East
CUST_04437,SMB,West
CUST_04438,Consumer,East
CUST_04439,Consumer,South
CUST_04440,SMB,Central
CUST_04441,Consumer,East
CUST_04442,Consumer,East
CUST_04443,SMB,Central
CUST_04444,SMB,North
CUST_04445,SMB,Central
CUST_04446,Consumer,West
CUST_04447,Enterprise,Central
CUST_04448,Consumer,North
CUST_04449,SMB,Central
CUST_04450,Consumer,East
CUST_04451,SMB,South
CUST_04452,Consumer,East
CUST_04453,Consumer,South
CUST_04454,Consumer,Central
CUST_04455,Consumer,West
CUST_04456,Enterprise,Central
CUST_04457,Consumer,North
CUST_04458,Enterprise,Central
CUST_04459,SMB,South
CUST_04460,SMB,East
CUST_04461,SMB,West
CUST_04462,SMB,Central
CUST_04463,Consumer,Central
CUST_04464,Enterprise,East
CUST_04465,Consumer,West
CUST_04466,SMB,Central
CUST_04467,Enterprise,Central
CUST_04468,Enterprise,South
CUST_04469,Consumer,South
CUST_04470,Consumer,North
CUST_04471,Consumer,East
CUST_04472,Consumer,West
CUST_04473,SMB,Central
CUST_04474,SMB,Central
CUST_04475,Consumer,North
CUST_04476,SMB,Central
CUST_04477,SMB,East
CUST_04478,SMB,North
CUST_04479,Consumer,East
CUST_04480,Consumer,North
CUST_04481,Enterprise,Central
CUST_04482,SMB,North
CUST_04483,Consumer,South
CUST_04484,Consumer,West
CUST_04485,SMB,Central
CUST_04486,Consumer,West
CUST_04487,Enterprise,Central
CUST_04488,SMB,West
CUST_04489,Consumer,South
CUST_04490,Consumer,West
CUST_04491,SMB,North
CUST_04492,Consumer,West
CUST_04493,Consumer,Central
CUST_04494,Consumer,East
CUST_04495,Consumer,West
CUST_04496,Consumer,West
CUST_04497,SMB,West
CUST_04498,Enterprise,Central
CUST_04499,SMB,West
CUST_04500,SMB,Central
CUST_04501,Consumer,Central
CUST_04502,SMB,East
CUST_04503,SMB,North
CUST_04504,Enterprise,Central
CUST_04505,SMB,South
CUST_04506,SMB,West
CUST_04507,Consumer,South
CUST_04508,Enterprise,West
CUST_04509,Consumer,East
CUST_04510,Consumer,Central
CUST_04511,Enterprise,North
CUST_04512,SMB,Central
CUST_04513,Enterprise,West
CUST_04514,Consumer,North
CUST_04515,Consumer,Central
CUST_04516,SMB,North
CUST_04517,SMB,West
CUST_04518,Consumer,East
CUST_04519,Enterprise,East
CUST_04520,Enterprise,Central
CUST_04521,Consumer,South
CUST_04522,Consumer,West
CUST_04523,Consumer,Central
CUST_04524,Consumer,Central
CUST_04525,Consumer,East
CUST_04526,SMB,North
CUST_04527,Consumer,West
CUST_04528,Consumer,North
CUST_04529,Consumer,West
CUST_04530,Enterprise,South
CUST_04531,SMB,East
CUST_04532,Enterprise,South
CUST_04533,SMB,Central
CUST_04534,SMB,East
CUST_04535,Consumer,Central
CUST_04536,Consumer,South
CUST_04537,SMB,West
CUST_04538,Consumer,Central
CUST_04539,Enterprise,North
CUST_04540,Enterprise,West
CUST_04541,Enterprise,West
CUST_04542,SMB,South
CUST_04543,SMB,South
CUST_04544,SMB,East
CUST_04545,SMB,East
CUST_04546,Consumer,North
CUST_04547,Enterprise,West
CUST_04548,Consumer,North
CUST_04549,Consumer,North
CUST_04550,Consumer,South
CUST_04551,Consumer,North
CUST_04552,Enterprise,North
CUST_04553,Enterprise,Central
CUST_04554,Consumer,East
CUST_04555,SMB,East
CUST_04556,Consumer,West
CUST_04557,Consumer,East
CUST_04558,Consumer,West
CUST_04559,Consumer,Central
CUST_04560,Consumer,East
CUST_04561,Consumer,Central
CUST_04562,SMB,East
CUST_04563,Consumer,East
CUST_04564,Enterprise,Central
CUST_04565,SMB,North
CUST_04566,Consumer,North
CUST_04567,SMB,North
CUST_04568,SMB,North
CUST_04569,Enterprise,East
CUST_04570,Consumer,South
CUST_04571,SMB,Central
CUST_04572,Consumer,South
CUST_04573,SMB,South
CUST_04574,Consumer,West
CUST_04575,Consumer,North
CUST_04576,SMB,East
CUST_04577,SMB,North
CUST_04578,SMB,North
CUST_04579,Consumer,South
CUST_04580,Consumer,West
CUST_04581,Consumer,North
CUST_04582,SMB,Central
CUST_04583,Consumer,Central
CUST_04584,Consumer,North
CUST_04585,Consumer,South
CUST_04586,Consumer,South
CUST_04587,SMB,East
CUST_04588,Enterprise,West
CUST_04589,Consumer,South
CUST_04590,Consumer,East
CUST_04591,Consumer,Central
CUST_04592,SMB,Central
CUST_04593,SMB,Central
CUST_04594,SMB,North
CUST_04595,SMB,West
CUST_04596,Consumer,East
CUST_04597,Consumer,West
CUST_04598,SMB,North
CUST_04599,SMB,East
CUST_04600,SMB,East
CUST_04601,Enterprise,South
CUST_04602,Consumer,West
CUST_04603,Consumer,West
CUST_04604,SMB,South
CUST_04605,Consumer,Central
CUST_04606,Consumer,North
CUST_04607,Consumer,West
CUST_04608,Enterprise,South
CUST_04609,Consumer,East
CUST_04610,SMB,South
CUST_04611,SMB,Central
CUST_04612,Enterprise,North
CUST_04613,SMB,Central
CUST_04614,Enterprise,East
CUST_04615,SMB,East
CUST_04616,SMB,East
CUST_04617,Consumer,East
CUST_04618,Consumer,South
CUST_04619,SMB,East
CUST_04620,Consumer,East
CUST_04621,Consumer,South
CUST_04622,Consumer,East
CUST_04623,Enterprise,Central
CUST_04624,Consumer,Central
CUST_04625,Consumer,West
CUST_04626,Consumer,Central
CUST_04627,SMB,North
CUST_04628,SMB,North
CUST_04629,Consumer,North
CUST_04630,SMB,South
CUST_04631,Enterprise,Central
CUST_04632,SMB,North
CUST_04633,Consumer,West
CUST_04634,Consumer,South
CUST_04635,Enterprise,West
CUST_04636,Consumer,Central
CUST_04637,SMB,East
CUST_04638,Consumer,West
CUST_04639,Consumer,East
CUST_04640,Consumer,South
CUST_04641,Consumer,West
CUST_04642,SMB,West
CUST_04643,Consumer,South
CUST_04644,Enterprise,South
CUST_04645,Consumer,North
CUST_04646,Consumer,Central
CUST_04647,Consumer,West
CUST_04648,SMB,West
CUST_04649,Consumer,South
CUST_04650,Enterprise,South
CUST_04651,Enterprise,Central
CUST_04652,Consumer,South
CUST_04653,SMB,East
CUST_04654,Consumer,East
CUST_04655,SMB,East
CUST_04656,Enterprise,East
CUST_04657,Consumer,Central
CUST_04658,SMB,West
CUST_04659,Enterprise,East
CUST_04660,Consumer,South
CUST_04661,SMB,East
CUST_04662,Consumer,Central
CUST_04663,SMB,South
CUST_04664,Consumer,East
CUST_04665,Consumer,West
CUST_04666,Consumer,South
CUST_04667,Enterprise,South
CUST_04668,Consumer,West
CUST_04669,Consumer,South
CUST_04670,Consumer,East
CUST_04671,SMB,South
CUST_04672,Consumer,East
CUST_04673,Consumer,West
CUST_04674,Enterprise,North
CUST_04675,SMB,West
CUST_04676,Consumer,East
CUST_04677,Enterprise,Central
CUST_04678,Consumer,West
CUST_04679,Consumer,Central
CUST_04680,Consumer,Central
CUST_04681,SMB,East
CUST_04682,SMB,East
CUST_04683,Consumer,North
CUST_04684,SMB,South
CUST_04685,Consumer,West
CUST_04686,SMB,East
CUST_04687,Enterprise,West
CUST_04688,Enterprise,Central
CUST_04689,SMB,South
CUST_04690,Consumer,North
CUST_04691,SMB,West
CUST_04692,SMB,South
CUST_04693,SMB,North
CUST_04694,SMB,West
CUST_04695,SMB,South
CUST_04696,Consumer,East
CUST_04697,SMB,West
CUST_04698,SMB,South
CUST_04699,Enterprise,North
CUST_04700,Consumer,South
CUST_04701,SMB,East
CUST_04702,Enterprise,West
CUST_04703,Consumer,West
CUST_04704,Consumer,West
CUST_04705,SMB,East
CUST_04706,SMB,North
CUST_04707,Consumer,West
CUST_04708,Enterprise,North
CUST_04709,Consumer,South
CUST_04710,Consumer,North
CUST_04711,SMB,North
CUST_04712,SMB,West
CUST_04713,SMB,Central
CUST_04714,Consumer,Central
CUST_04715,SMB,East
CUST_04716,SMB,East
CUST_04717,Consumer,Central
CUST_04718,Consumer,South
CUST_04719,SMB,West
CUST_04720,Consumer,West
CUST_04721,SMB,South
CUST_04722,Enterprise,South
CUST_04723,SMB,Central
CUST_04724,SMB,East
CUST_04725,SMB,South
CUST_04726,Enterprise,East
CUST_04727,Consumer,North
CUST_04728,Consumer,West
CUST_04729,Consumer,Central
CUST_04730,Enterprise,West
CUST_04731,Enterprise,Central
CUST_04732,Enterprise,North
CUST_04733,Consumer,West
CUST_04734,Consumer,North
CUST_04735,SMB,Central
CUST_04736,Enterprise,South
CUST_04737,SMB,West
CUST_04738,SMB,North
CUST_04739,SMB,West
CUST_04740,Consumer,West
CUST_04741,Consumer,West
CUST_04742,Enterprise,East
CUST_04743,Enterprise,North
CUST_04744,Consumer,North
CUST_04745,SMB,West
CUST_04746,Enterprise,South
CUST_04747,Enterprise,West
CUST_04748,Enterprise,East
CUST_04749,SMB,Central
CUST_04750,Consumer,East
CUST_04751,SMB,South
CUST_04752,SMB,West
CUST_04753,Consumer,North
CUST_04754,SMB,West
CUST_04755,Consumer,South
CUST_04756,Consumer,North
CUST_04757,Enterprise,East
CUST_04758,Consumer,Central
CUST_04759,SMB,Central
CUST_04760,Consumer,West
CUST_04761,SMB,East
CUST_04762,Consumer,South
CUST_04763,Consumer,Central
CUST_04764,SMB,East
CUST_04765,SMB,West
CUST_04766,Consumer,North
CUST_04767,Consumer,West
CUST_04768,Enterprise,West
CUST_04769,Consumer,East
CUST_04770,SMB,Central
CUST_04771,Enterprise,East
CUST_04772,SMB,North
CUST_04773,SMB,East
CUST_04774,Consumer,South
CUST_04775,SMB,West
CUST_04776,Consumer,Central
CUST_04777,Enterprise,North
CUST_04778,SMB,West
CUST_04779,SMB,East
CUST_04780,SMB,South
CUST_04781,Enterprise,East
CUST_04782,Enterprise,West
CUST_04783,Consumer,North
CUST_04784,SMB,Central
CUST_04785,SMB,West
CUST_04786,SMB,North
CUST_04787,Consumer,West
CUST_04788,Consumer,South
CUST_04789,SMB,East
CUST_04790,SMB,Central
CUST_04791,Enterprise,North
CUST_04792,Consumer,Central
CUST_04793,Enterprise,Central
CUST_04794,SMB,Central
CUST_04795,SMB,North
CUST_04796,SMB,North
CUST_04797,Enterprise,Central
CUST_04798,Consumer,East
CUST_04799,Enterprise,West
CUST_04800,Consumer,Central
CUST_04801,Enterprise,South
CUST_04802,Enterprise,Central
CUST_04803,Consumer,North
CUST_04804,Enterprise,West
CUST_04805,Consumer,South
CUST_04806,SMB,West
CUST_04807,Enterprise,West
CUST_04808,Consumer,South
CUST_04809,SMB,Central
CUST_04810,Consumer,Central
CUST_04811,Enterprise,Central
CUST_04812,Consumer,East
CUST_04813,Enterprise,Central
CUST_04814,SMB,South
CUST_04815,Consumer,East
CUST_04816,Consumer,Central
CUST_04817,Consumer,East
CUST_04818,Consumer,South
CUST_04819,Consumer,Central
CUST_04820,Enterprise,North
CUST_04821,SMB,South
CUST_04822,SMB,West
CUST_04823,SMB,West
CUST_04824,SMB,South
CUST_04825,SMB,West
CUST_04826,Enterprise,South
CUST_04827,Consumer,North
CUST_04828,Enterprise,South
CUST_04829,SMB,Central
CUST_04830,SMB,Central
CUST_04831,Consumer,East
CUST_04832,Consumer,West
CUST_04833,Consumer,West
CUST_04834,Enterprise,South
CUST_04835,SMB,West
CUST_04836,Enterprise,Central
CUST_04837,SMB,North
CUST_04838,SMB,South
CUST_04839,Enterprise,West
CUST_04840,SMB,Central
CUST_04841,Consumer,East
CUST_04842,Consumer,West
CUST_04843,SMB,North
CUST_04844,Enterprise,North
CUST_04845,Enterprise,West
CUST_04846,SMB,West
CUST_04847,Consumer,Central
CUST_04848,Enterprise,West
CUST_04849,Consumer,East
CUST_04850,Enterprise,Central
CUST_04851,Consumer,South
CUST_04852,SMB,East
CUST_04853,Consumer,Central
CUST_04854,SMB,Central
CUST_04855,Consumer,North
CUST_04856,Enterprise,Central
CUST_04857,Enterprise,East
CUST_04858,Consumer,West
CUST_04859,Consumer,East
CUST_04860,Consumer,South
CUST_04861,Consumer,Central
CUST_04862,Consumer,Central
CUST_04863,Enterprise,Central
CUST_04864,SMB,Central
CUST_04865,SMB,North
CUST_04866,Consumer,North
CUST_04867,SMB,West
CUST_04868,Enterprise,Central
CUST_04869,Consumer,South
CUST_04870,Consumer,West
CUST_04871,SMB,Central
CUST_04872,Enterprise,North
CUST_04873,Enterprise,South
CUST_04874,SMB,West
CUST_04875,SMB,South
CUST_04876,Consumer,Central
CUST_04877,Consumer,East
CUST_04878,Consumer,South
CUST_04879,SMB,South
CUST_04880,Consumer,North
CUST_04881,SMB,Central
CUST_04882,SMB,South
CUST_04883,Consumer,Central
CUST_04884,Enterprise,North
CUST_04885,Enterprise,Central
CUST_04886,Consumer,North
CUST_04887,SMB,North
CUST_04888,Consumer,West
CUST_04889,Enterprise,Central
CUST_04890,Consumer,East
CUST_04891,SMB,West
CUST_04892,Enterprise,North
CUST_04893,Consumer,East
CUST_04894,SMB,South
CUST_04895,SMB,South
CUST_04896,Enterprise,West
CUST_04897,Enterprise,East
CUST_04898,SMB,Central
CUST_04899,Enterprise,East
CUST_04900,Consumer,West
CUST_04901,Enterprise,Central
CUST_04902,SMB,Central
CUST_04903,Enterprise,South
CUST_04904,SMB,East
CUST_04905,Consumer,Central
CUST_04906,Enterprise,West
CUST_04907,Consumer,South
CUST_04908,SMB,Central
CUST_04909,Consumer,East
CUST_04910,SMB,South
CUST_04911,Consumer,East
CUST_04912,Consumer,East
CUST_04913,SMB,East
CUST_04914,Enterprise,South
CUST_04915,Enterprise,Central
CUST_04916,Consumer,North
CUST_04917,SMB,Central
CUST_04918,SMB,South
CUST_04919,Consumer,North
CUST_04920,SMB,North
CUST_04921,Consumer,North
CUST_04922,Consumer,West
CUST_04923,Consumer,South
CUST_04924,Consumer,West
CUST_04925,Enterprise,North
CUST_04926,SMB,West
CUST_04927,SMB,West
CUST_04928,SMB,South
CUST_04929,Consumer,East
CUST_04930,Consumer,West
CUST_04931,SMB,West
CUST_04932,SMB,North
CUST_04933,Consumer,North
CUST_04934,SMB,North
CUST_04935,SMB,Central
CUST_04936,SMB,West
CUST_04937,Consumer,North
CUST_04938,Consumer,South
CUST_04939,Consumer,Central
CUST_04940,Consumer,East
CUST_04941,SMB,West
CUST_04942,SMB,West
CUST_04943,Consumer,South
CUST_04944,SMB,East
CUST_04945,Consumer,East
CUST_04946,Consumer,Central
CUST_04947,Consumer,West
CUST_04948,Consumer,North
CUST_04949,Consumer,South
CUST_04950,Consumer,South
CUST_04951,SMB,South
CUST_04952,Enterprise,South
CUST_04953,SMB,North
CUST_04954,Consumer,North
CUST_04955,SMB,Central
CUST_04956,Consumer,West
CUST_04957,SMB,North
CUST_04958,Consumer,Central
CUST_04959,Enterprise,East
CUST_04960,Consumer,West
CUST_04961,SMB,North
CUST_04962,SMB,East
CUST_04963,SMB,Central
CUST_04964,Consumer,North
CUST_04965,SMB,North
CUST_04966,SMB,East
CUST_04967,Consumer,North
CUST_04968,Consumer,South
CUST_04969,Consumer,North
CUST_04970,SMB,West
CUST_04971,SMB,East
CUST_04972,Consumer,West
CUST_04973,SMB,Central
CUST_04974,Consumer,West
CUST_04975,SMB,South
CUST_04976,SMB,South
CUST_04977,Enterprise,West
CUST_04978,SMB,Central
CUST_04979,Enterprise,North
CUST_04980,Enterprise,South
CUST_04981,Consumer,West
CUST_04982,SMB,West
CUST_04983,Consumer,West
CUST_04984,Consumer,North
CUST_04985,Consumer,East
CUST_04986,Enterprise,Central
CUST_04987,Consumer,East
CUST_04988,Consumer,Central
CUST_04989,Consumer,Central
CUST_04990,Consumer,West
CUST_04991,Consumer,South
CUST_04992,Consumer,West
CUST_04993,SMB,North
CUST_04994,Consumer,Central
CUST_04995,Enterprise,South
CUST_04996,Consumer,Central
CUST_04997,Enterprise,Central
CUST_04998,SMB,West
CUST_04999,Consumer,South
CUST_05000,Consumer,South
